order_id,date,customer_id,product_id,product,product_category,price,quantity,coupon_code,discount_pct,payment_method,shipping_city,shipping_province,sales_amount
ON100762,03/01/2025,C11886,P2378,Lip Balm,Beauty,63.41,6,NO_COUPON,0,Credit Card,London,ON,380.46
ON100888,03/01/2025,C10858,P1339,Air Fryer,Home & Kitchen,55.39,5,WELCOME5,5,Interac,Guelph,ON,263.1
ON100375,04/01/2025,C12057,P8749,Coffee Maker,Home & Kitchen,81.91,3,NO_COUPON,0,Credit Card,Hamilton,ON,245.73
ON100459,04/01/2025,C10823,P9067,Baseball Cap,Apparel,93.35,3,NO_COUPON,0,Debit Card,Vaughan,ON,280.05
ON100833,04/01/2025,C10951,P1044,Cereal,Grocery,14.4,3,NO_COUPON,0,Credit Card,Scarborough,ON,43.2
ON100834,04/01/2025,C10123,P1692,Olive Oil,Grocery,9.2,2,NO_COUPON,0,Mobile Wallet,Toronto,ON,18.4
ON100102,05/01/2025,C10634,P7884,Power Bank,Electronics,206.19,3,WELCOME5,5,Credit Card,Toronto,ON,587.64
ON100568,05/01/2025,C11354,P2757,Coffee Beans,Grocery,16.79,2,SAVE10,10,Debit Card,Scarborough,ON,30.22
ON100697,05/01/2025,C11862,P3401,Knife Set,Home & Kitchen,14.66,1,FREESHIP,0,PayPal,Guelph,ON,14.66
ON100298,07/01/2025,C11683,P2811,Dumbbells,Sports,153.1,1,NO_COUPON,0,Mobile Wallet,Kitchener,ON,153.1
ON100779,08/01/2025,C10701,P6290,Power Bank,Electronics,195.11,4,NO_COUPON,0,Credit Card,London,ON,780.44
ON100789,08/01/2025,C11864,P1630,Lip Balm,Beauty,55.81,2,WELCOME5,5,Debit Card,Brampton,ON,106.04
ON100404,09/01/2025,C10081,P2237,Cereal,Grocery,7.36,3,SAVE10,10,Debit Card,Toronto,ON,19.87
ON100827,09/01/2025,C12207,P2656,Dumbbells,Sports,21.49,3,NO_COUPON,0,Credit Card,Waterloo,ON,64.47
ON100877,10/01/2025,C11194,P9812,Pasta,Grocery,7.63,5,NO_COUPON,0,Mobile Wallet,London,ON,38.15
ON100409,11/01/2025,C10186,P8699,Wireless Mouse,Electronics,19.72,2,FREESHIP,0,Interac,London,ON,39.44
ON100472,11/01/2025,C11519,P1927,Granola Bars,Grocery,6.43,4,NO_COUPON,0,PayPal,Ottawa,ON,25.72
ON100229,12/01/2025,C10690,P7852,Water Bottle,Home & Kitchen,58.07,3,NO_COUPON,0,PayPal,Scarborough,ON,174.21
ON100533,13/01/2025,C10487,P9908,Body Lotion,Beauty,16.65,3,WELCOME5,5,Debit Card,Cambridge,ON,47.45
ON100167,14/01/2025,C10204,P6724,Face Cleanser,Beauty,63.9,3,SAVE10,10,Interac,Mississauga,ON,172.53
ON100268,14/01/2025,C10293,P3255,Air Fryer,Home & Kitchen,16.05,4,WELCOME5,5,Debit Card,Toronto,ON,60.99
ON100295,14/01/2025,C11807,P2804,Basketball,Sports,125.65,5,SAVE10,10,Credit Card,London,ON,565.43
ON100363,14/01/2025,C10288,P4725,Jeans,Apparel,86.74,4,SAVE15,15,Mobile Wallet,Windsor,ON,294.92
ON100809,15/01/2025,C11755,P1259,Coffee Maker,Home & Kitchen,76.22,5,NO_COUPON,0,Credit Card,Waterloo,ON,381.1
ON100423,16/01/2025,C12182,P1973,Blender,Home & Kitchen,38.27,3,NO_COUPON,0,Debit Card,Waterloo,ON,114.81
ON100448,16/01/2025,C12295,P9584,Winter Jacket,Apparel,219.85,2,SAVE15,15,Credit Card,Scarborough,ON,373.74
ON100818,18/01/2025,C12454,P3162,Coffee Beans,Grocery,46.84,3,SAVE15,15,Credit Card,Mississauga,ON,119.44
ON100136,19/01/2025,C10761,P5631,Storage Bin,Home & Kitchen,8.71,3,NO_COUPON,0,Interac,Barrie,ON,26.13
ON100379,20/01/2025,C10734,P7224,Water Bottle,Home & Kitchen,73.79,5,NO_COUPON,0,PayPal,London,ON,368.95
ON100776,20/01/2025,C10366,P2143,Storage Bin,Home & Kitchen,26.76,1,SAVE15,15,Mobile Wallet,Mississauga,ON,22.75
ON100145,22/01/2025,C10366,P4177,Power Bank,Electronics,84.39,2,BOGO,20,Debit Card,Markham,ON,135.02
ON100654,22/01/2025,C10065,P8770,Tea,Grocery,5.61,4,NO_COUPON,0,Credit Card,Scarborough,ON,22.44
ON100832,22/01/2025,C11719,P2585,Power Bank,Electronics,112.67,3,FREESHIP,0,Credit Card,Hamilton,ON,338.01
ON100955,22/01/2025,C10475,P2909,Wireless Keyboard,Electronics,63,2,NO_COUPON,0,Debit Card,Toronto,ON,126
ON100115,23/01/2025,C11266,P8741,Webcam,Electronics,147.53,2,NO_COUPON,0,Interac,Guelph,ON,295.06
ON100322,23/01/2025,C12283,P3893,Hoodie,Apparel,16.46,3,NO_COUPON,0,Mobile Wallet,Guelph,ON,49.38
ON100858,25/01/2025,C10902,P6982,Webcam,Electronics,129.53,5,FREESHIP,0,Debit Card,Barrie,ON,647.65
ON100246,26/01/2025,C11527,P6067,Power Bank,Electronics,21.8,4,NO_COUPON,0,Credit Card,Markham,ON,87.2
ON100889,26/01/2025,C11457,P1186,Yoga Mat,Sports,38.49,2,NO_COUPON,0,Mobile Wallet,Hamilton,ON,76.98
ON101004,26/01/2025,C11607,P8957,Jeans,Apparel,106.17,5,BOGO,20,Debit Card,Kitchener,ON,424.68
ON100055,27/01/2025,C10870,P1134,Baseball Cap,Apparel,21.98,2,SAVE10,10,Interac,London,ON,39.56
ON100555,27/01/2025,C10035,P2889,Jeans,Apparel,46.03,2,SAVE10,10,Interac,Vaughan,ON,82.85
ON100799,27/01/2025,C12323,P6740,Hoodie,Apparel,20.35,2,SAVE10,10,Credit Card,Kitchener,ON,36.63
ON100805,27/01/2025,C10025,P1545,Power Bank,Electronics,145.56,3,SAVE10,10,Debit Card,Kitchener,ON,393.01
ON100346,28/01/2025,C11332,P4569,T-Shirt,Apparel,47.76,2,NO_COUPON,0,Debit Card,Kitchener,ON,95.52
ON100391,28/01/2025,C11236,P1159,Air Fryer,Home & Kitchen,26,4,WELCOME5,5,Debit Card,Toronto,ON,98.8
ON100567,30/01/2025,C10087,P7763,Fitness Tracker,Sports,90.49,1,NO_COUPON,0,Credit Card,Mississauga,ON,90.49
ON100689,31/01/2025,C11725,P6317,Hair Dryer,Beauty,27.99,2,NO_COUPON,0,PayPal,Vaughan,ON,55.98
ON100577,01/02/2025,C12050,P4973,Body Lotion,Beauty,70.6,3,SAVE15,15,PayPal,Waterloo,ON,180.03
ON100836,01/02/2025,C12065,P6307,Storage Bin,Home & Kitchen,80.07,6,NO_COUPON,0,Credit Card,Toronto,ON,480.42
ON100539,02/02/2025,C11082,P2794,Basketball,Sports,126.76,4,SAVE15,15,Interac,Ottawa,ON,430.98
ON100875,02/02/2025,C10472,P6693,Power Bank,Electronics,49.69,5,FREESHIP,0,PayPal,Mississauga,ON,248.45
ON100535,03/02/2025,C11417,P4056,Water Bottle,Home & Kitchen,13.6,2,NO_COUPON,0,Credit Card,Kitchener,ON,27.2
ON100885,03/02/2025,C10575,P5558,Yoga Mat,Sports,14.4,1,SAVE10,10,Credit Card,Kitchener,ON,12.96
ON101006,03/02/2025,C10568,P8377,Granola Bars,Grocery,19.44,3,NO_COUPON,0,Credit Card,Brampton,ON,58.32
ON101011,03/02/2025,C12280,P7272,Wireless Keyboard,Electronics,92.9,3,WELCOME5,5,Credit Card,Barrie,ON,264.77
ON100846,04/02/2025,C10165,P5593,Wireless Keyboard,Electronics,126.78,1,SAVE15,15,Mobile Wallet,Windsor,ON,107.76
ON100148,05/02/2025,C12344,P8602,Cereal,Grocery,7.88,1,NO_COUPON,0,Mobile Wallet,Cambridge,ON,7.88
ON100611,07/02/2025,C11980,P8995,Lip Balm,Beauty,33.7,5,NO_COUPON,0,Interac,Scarborough,ON,168.5
ON100035,08/02/2025,C11466,P2461,Bluetooth Speaker,Electronics,30.31,3,NO_COUPON,0,Debit Card,Waterloo,ON,90.93
ON100275,09/02/2025,C11241,P1599,Coffee Maker,Home & Kitchen,154.98,1,SAVE10,10,Credit Card,Guelph,ON,139.48
ON100511,10/02/2025,C10452,P3362,Pasta,Grocery,10.67,4,FREESHIP,0,Credit Card,Cambridge,ON,42.68
ON100044,11/02/2025,C12376,P3808,Knife Set,Home & Kitchen,16.64,3,BOGO,20,Debit Card,Kitchener,ON,39.94
ON100381,11/02/2025,C10272,P5158,Webcam,Electronics,27.81,6,FREESHIP,0,Debit Card,Markham,ON,166.86
ON100886,12/02/2025,C10605,P8941,Knife Set,Home & Kitchen,45.31,4,NO_COUPON,0,Debit Card,Toronto,ON,181.24
ON100650,13/02/2025,C11050,P9052,Baseball Cap,Apparel,15.9,5,NO_COUPON,0,Credit Card,Brampton,ON,79.5
ON101007,13/02/2025,C11678,P9428,Pasta,Grocery,43.41,1,SAVE10,10,Credit Card,Barrie,ON,39.07
ON100068,16/02/2025,C10344,P5562,Hair Dryer,Beauty,48.23,7,NO_COUPON,0,Credit Card,Guelph,ON,337.61
ON101012,17/02/2025,C11429,P5038,Knife Set,Home & Kitchen,54.68,2,NO_COUPON,0,PayPal,Vaughan,ON,109.36
ON100125,18/02/2025,C11910,P8673,Wireless Keyboard,Electronics,20.86,3,NO_COUPON,0,Debit Card,Windsor,ON,62.58
ON100213,18/02/2025,C11959,P3562,Knife Set,Home & Kitchen,19.54,5,NO_COUPON,0,Mobile Wallet,Hamilton,ON,97.7
ON100433,19/02/2025,C12065,P1734,Hoodie,Apparel,65.63,2,SAVE10,10,PayPal,Cambridge,ON,118.13
ON100276,20/02/2025,C11739,P2237,Wireless Keyboard,Electronics,138.09,2,FREESHIP,0,Interac,London,ON,276.18
ON100242,21/02/2025,C10950,P5659,Baseball Cap,Apparel,12.78,3,NO_COUPON,0,Credit Card,Scarborough,ON,38.34
ON100425,21/02/2025,C11297,P4521,Wireless Mouse,Electronics,81.55,3,NO_COUPON,0,Interac,Markham,ON,244.65
ON100669,21/02/2025,C11756,P3708,Water Bottle,Home & Kitchen,31.19,3,NO_COUPON,0,Debit Card,Scarborough,ON,93.57
ON100006,22/02/2025,C12058,P7662,Body Lotion,Beauty,47.86,8,FREESHIP,0,Mobile Wallet,Hamilton,ON,382.88
ON100742,22/02/2025,C11934,P1857,Yoga Mat,Sports,34.46,4,NO_COUPON,0,Credit Card,Cambridge,ON,137.84
ON100869,22/02/2025,C11403,P4457,Coffee Beans,Grocery,10.57,8,FREESHIP,0,Credit Card,Cambridge,ON,84.56
ON100192,23/02/2025,C10862,P9656,T-Shirt,Apparel,53.78,2,WELCOME5,5,Credit Card,Hamilton,ON,102.18
ON100717,23/02/2025,C12343,P2458,Storage Bin,Home & Kitchen,88.75,4,SAVE10,10,Credit Card,Brampton,ON,319.5
ON100000,24/02/2025,C11972,P4031,Olive Oil,Grocery,32.12,3,BOGO,20,Debit Card,Mississauga,ON,77.09
ON100131,24/02/2025,C10098,P5220,Body Lotion,Beauty,65.72,5,SAVE15,15,Credit Card,Kitchener,ON,279.31
ON100169,24/02/2025,C11760,P4858,T-Shirt,Apparel,29.37,14,FREESHIP,0,Debit Card,Markham,ON,411.18
ON100685,24/02/2025,C10315,P6723,Olive Oil,Grocery,9.49,1,NO_COUPON,0,Interac,Mississauga,ON,9.49
ON100814,24/02/2025,C10016,P6451,Running Shoes,Apparel,55.27,5,WELCOME5,5,Credit Card,Waterloo,ON,262.53
ON100032,25/02/2025,C11845,P6515,Running Shoes,Apparel,32.7,4,NO_COUPON,0,Debit Card,Markham,ON,130.8
ON100353,25/02/2025,C11247,P7002,Tea,Grocery,50.57,5,SAVE15,15,Interac,Brampton,ON,214.92
ON100896,25/02/2025,C10524,P5778,Resistance Bands,Sports,50.45,3,NO_COUPON,0,Credit Card,Kitchener,ON,151.35
ON100574,26/02/2025,C10557,P2644,Lip Balm,Beauty,27.81,1,SAVE15,15,Debit Card,Windsor,ON,23.64
ON100937,26/02/2025,C11677,P4957,Air Fryer,Home & Kitchen,13.52,1,NO_COUPON,0,Credit Card,Mississauga,ON,13.52
ON100009,27/02/2025,C10865,P4909,Resistance Bands,Sports,36.4,2,NO_COUPON,0,Credit Card,Barrie,ON,72.8
ON100239,27/02/2025,C11809,P5827,Air Fryer,Home & Kitchen,61.65,3,FREESHIP,0,Interac,Ottawa,ON,184.95
ON100370,27/02/2025,C10354,P6679,Wireless Mouse,Electronics,31.86,3,SAVE15,15,Credit Card,Windsor,ON,81.24
ON100665,27/02/2025,C11514,P1430,Wireless Mouse,Electronics,85.98,2,BOGO,20,Debit Card,Vaughan,ON,137.57
ON100690,27/02/2025,C11306,P3375,Running Shoes,Apparel,132.92,5,NO_COUPON,0,Credit Card,Toronto,ON,664.6
ON100962,27/02/2025,C11012,P1523,Hoodie,Apparel,26.95,3,SAVE15,15,Credit Card,Windsor,ON,68.72
ON100214,28/02/2025,C11079,P6438,USB-C Hub,Electronics,36.32,2,NO_COUPON,0,PayPal,Ottawa,ON,72.64
ON100780,28/02/2025,C10614,P9316,Bluetooth Speaker,Electronics,28.37,3,NO_COUPON,0,Interac,Vaughan,ON,85.11
ON100086,01/03/2025,C10978,P3513,Granola Bars,Grocery,5.82,2,WELCOME5,5,Credit Card,Brampton,ON,11.06
ON100581,02/03/2025,C10500,P6270,Granola Bars,Grocery,45.12,3,NO_COUPON,0,PayPal,Cambridge,ON,135.36
ON100879,02/03/2025,C12375,P1484,Winter Jacket,Apparel,82.04,3,SAVE15,15,Credit Card,London,ON,209.2
ON100573,03/03/2025,C10209,P8454,Knife Set,Home & Kitchen,14.43,4,NO_COUPON,0,PayPal,Waterloo,ON,57.72
ON100254,04/03/2025,C12024,P7397,Hoodie,Apparel,191.97,3,SAVE15,15,Debit Card,Scarborough,ON,489.52
ON100509,05/03/2025,C11231,P4579,Basketball,Sports,92.76,2,FREESHIP,0,PayPal,Vaughan,ON,185.52
ON100168,06/03/2025,C11766,P6959,Knife Set,Home & Kitchen,86.6,4,SAVE10,10,Interac,Cambridge,ON,311.76
ON100454,06/03/2025,C11157,P6379,Wireless Keyboard,Electronics,41.71,3,WELCOME5,5,Credit Card,Brampton,ON,118.87
ON100576,06/03/2025,C11500,P9493,Air Fryer,Home & Kitchen,83.44,4,FREESHIP,0,Credit Card,Scarborough,ON,333.76
ON100806,06/03/2025,C12364,P7570,Granola Bars,Grocery,5.16,1,NO_COUPON,5,Credit Card,Markham,ON,4.9
ON100305,07/03/2025,C11032,P6173,Coffee Maker,Home & Kitchen,83.62,2,NO_COUPON,0,PayPal,Barrie,ON,167.24
ON100317,07/03/2025,C12350,P7482,Granola Bars,Grocery,10.82,6,NO_COUPON,0,PayPal,Markham,ON,64.92
ON100474,08/03/2025,C10769,P2314,Granola Bars,Grocery,8.19,1,NO_COUPON,0,Mobile Wallet,London,ON,8.19
ON100796,09/03/2025,C12109,P5389,Power Bank,Electronics,79.24,5,SAVE10,10,Mobile Wallet,Waterloo,ON,356.58
ON100118,11/03/2025,C10226,P9987,Power Bank,Electronics,140.76,5,WELCOME5,5,Debit Card,Hamilton,ON,668.61
ON100494,11/03/2025,C12091,P6878,Shampoo,Beauty,35.97,2,NO_COUPON,0,Credit Card,Scarborough,ON,71.94
ON100861,11/03/2025,C10276,P4729,Face Cleanser,Beauty,45.86,2,NO_COUPON,0,Credit Card,Mississauga,ON,91.72
ON100359,12/03/2025,C12265,P6497,Blender,Home & Kitchen,167.31,3,NO_COUPON,0,Mobile Wallet,Kitchener,ON,501.93
ON100531,12/03/2025,C10325,P5633,Cereal,Grocery,10.43,3,NO_COUPON,0,Credit Card,Brampton,ON,31.29
ON101005,12/03/2025,C11902,P7676,Water Bottle Sport,Sports,176.73,2,SAVE10,10,Debit Card,Brampton,ON,318.11
ON100194,13/03/2025,C12370,P8740,Lip Balm,Beauty,23.45,4,BOGO,20,Credit Card,Toronto,ON,75.04
ON100715,13/03/2025,C10534,P6004,Wireless Keyboard,Electronics,192.1,2,NO_COUPON,0,PayPal,Markham,ON,384.2
ON100767,13/03/2025,C10293,P6489,Resistance Bands,Sports,21.2,2,BOGO,20,Credit Card,Scarborough,ON,33.92
ON100308,14/03/2025,C10939,P1872,Power Bank,Electronics,170.84,3,NO_COUPON,0,Credit Card,Mississauga,ON,512.52
ON100490,14/03/2025,C12300,P1515,Blender,Home & Kitchen,110.22,7,FREESHIP,0,Mobile Wallet,Markham,ON,771.54
ON100714,14/03/2025,C11229,P4618,Body Lotion,Beauty,15.83,3,SAVE15,15,Credit Card,Scarborough,ON,40.37
ON100851,14/03/2025,C11918,P9909,Power Bank,Electronics,19.41,4,SAVE10,10,Debit Card,Markham,ON,69.88
ON100932,14/03/2025,C11554,P3013,Storage Bin,Home & Kitchen,21.77,6,BOGO,20,Debit Card,Guelph,ON,104.5
ON100412,15/03/2025,C10749,P5598,Olive Oil,Grocery,3.99,4,WELCOME5,5,Credit Card,Cambridge,ON,15.16
ON100380,16/03/2025,C11161,P2675,Storage Bin,Home & Kitchen,23.17,4,NO_COUPON,0,Credit Card,Toronto,ON,92.68
ON100772,16/03/2025,C10647,P3517,Hoodie,Apparel,130.2,2,SAVE10,10,Debit Card,Windsor,ON,234.36
ON100773,16/03/2025,C11765,P5501,T-Shirt,Apparel,13.18,4,SAVE15,15,PayPal,Kitchener,ON,44.81
ON100430,17/03/2025,C12272,P9659,Olive Oil,Grocery,4.54,1,NO_COUPON,0,Debit Card,Waterloo,ON,4.54
ON100862,17/03/2025,C11970,P8541,T-Shirt,Apparel,44.58,3,FREESHIP,0,Credit Card,Mississauga,ON,133.74
ON100154,18/03/2025,C11250,P7671,T-Shirt,Apparel,133.11,2,FREESHIP,0,Interac,Guelph,ON,266.22
ON100017,19/03/2025,C11307,P5196,Wireless Keyboard,Electronics,203.7,3,NO_COUPON,0,Mobile Wallet,Kitchener,ON,611.1
ON100217,19/03/2025,C11762,P5926,Webcam,Electronics,73.48,2,SAVE10,10,PayPal,Markham,ON,132.26
ON100748,19/03/2025,C10250,P2671,Cereal,Grocery,34.6,3,NO_COUPON,0,Debit Card,Scarborough,ON,103.8
ON100990,19/03/2025,C10613,P6665,Running Shoes,Apparel,63.12,2,NO_COUPON,0,Interac,Markham,ON,126.24
ON100073,20/03/2025,C10823,P3163,Water Bottle Sport,Sports,104.22,2,NO_COUPON,0,Credit Card,Brampton,ON,208.44
ON100695,20/03/2025,C10123,P8712,T-Shirt,Apparel,12.94,1,NO_COUPON,0,Credit Card,Barrie,ON,12.94
ON100931,20/03/2025,C10256,P7522,Lip Balm,Beauty,37.85,4,NO_COUPON,0,Mobile Wallet,Brampton,ON,151.4
ON100428,21/03/2025,C12483,P6750,Storage Bin,Home & Kitchen,92.08,3,NO_COUPON,0,Credit Card,Waterloo,ON,276.24
ON100408,22/03/2025,C11711,P6647,Coffee Maker,Home & Kitchen,61.72,1,NO_COUPON,0,Debit Card,London,ON,61.72
ON100437,22/03/2025,C10534,P5143,Dumbbells,Sports,11.89,4,SAVE15,15,Credit Card,Guelph,ON,40.43
ON100661,22/03/2025,C11876,P3134,Knife Set,Home & Kitchen,57.11,1,NO_COUPON,0,Interac,Vaughan,ON,57.11
ON100596,23/03/2025,C11823,P4939,Fitness Tracker,Sports,56.18,4,SAVE10,10,Debit Card,London,ON,202.25
ON100934,23/03/2025,C11503,P5651,Hair Dryer,Beauty,6.19,2,NO_COUPON,0,Interac,Scarborough,ON,12.38
ON100811,24/03/2025,C11079,P1433,Knife Set,Home & Kitchen,124.69,2,NO_COUPON,0,Credit Card,Hamilton,ON,249.38
ON100673,25/03/2025,C11363,P1185,Jeans,Apparel,19.84,5,NO_COUPON,0,Debit Card,Kitchener,ON,99.2
ON100099,26/03/2025,C10031,P4669,Coffee Beans,Grocery,12.95,4,NO_COUPON,0,Mobile Wallet,London,ON,51.8
ON100116,26/03/2025,C11183,P2955,Water Bottle,Home & Kitchen,169.12,2,WELCOME5,5,PayPal,London,ON,321.33
ON100612,26/03/2025,C11187,P7687,Fitness Tracker,Sports,59.59,2,NO_COUPON,0,Debit Card,Barrie,ON,119.18
ON100711,26/03/2025,C12478,P5991,Water Bottle Sport,Sports,10.97,6,NO_COUPON,0,PayPal,Kitchener,ON,65.82
ON100758,26/03/2025,C11866,P5184,Air Fryer,Home & Kitchen,38.06,4,FREESHIP,0,Debit Card,London,ON,152.24
ON100237,27/03/2025,C10630,P9128,Body Lotion,Beauty,6.36,5,SAVE10,10,Debit Card,Guelph,ON,28.62
ON100301,27/03/2025,C11416,P9348,Body Lotion,Beauty,9.1,2,SAVE15,15,Debit Card,Markham,ON,15.47
ON100323,27/03/2025,C11923,P9873,Wireless Keyboard,Electronics,18.67,2,NO_COUPON,0,Mobile Wallet,Hamilton,ON,37.34
ON100456,27/03/2025,C10723,P3475,Basketball,Sports,34.05,2,NO_COUPON,0,PayPal,Windsor,ON,68.1
ON100822,28/03/2025,C11961,P6463,Air Fryer,Home & Kitchen,96.42,3,NO_COUPON,0,Credit Card,Toronto,ON,289.26
ON100252,29/03/2025,C12404,P3688,Hair Dryer,Beauty,37.14,2,NO_COUPON,0,Credit Card,Barrie,ON,74.28
ON100402,29/03/2025,C11741,P3746,Jeans,Apparel,42.45,1,WELCOME5,5,Mobile Wallet,Cambridge,ON,40.33
ON100521,29/03/2025,C11786,P5091,Winter Jacket,Apparel,173.94,5,NO_COUPON,0,Credit Card,Waterloo,ON,869.7
ON100515,30/03/2025,C10924,P1802,Running Shoes,Apparel,216.83,2,NO_COUPON,0,Debit Card,Windsor,ON,433.66
ON100910,30/03/2025,C11765,P7494,Bluetooth Speaker,Electronics,257.97,2,BOGO,20,Interac,London,ON,412.75
ON100451,31/03/2025,C10232,P5416,Baseball Cap,Apparel,175.53,4,SAVE10,10,Credit Card,Waterloo,ON,631.91
ON100741,31/03/2025,C11442,P5466,Winter Jacket,Apparel,140.71,4,NO_COUPON,0,Interac,Markham,ON,562.84
ON100960,31/03/2025,C11402,P3580,Basketball,Sports,82.37,1,SAVE15,15,Interac,London,ON,70.01
ON100924,01/04/2025,C12182,P8329,Wireless Mouse,Electronics,21.13,3,NO_COUPON,0,Credit Card,Brampton,ON,63.39
ON100269,02/04/2025,C10761,P6459,Coffee Beans,Grocery,11.27,3,SAVE10,10,Credit Card,Kitchener,ON,30.43
ON100351,02/04/2025,C12358,P4797,Wireless Keyboard,Electronics,55.79,6,SAVE10,10,PayPal,London,ON,301.27
ON100178,03/04/2025,C10598,P5409,Running Shoes,Apparel,87.39,6,BOGO,20,Interac,Barrie,ON,419.47
ON100057,04/04/2025,C11418,P1003,Olive Oil,Grocery,3.89,3,BOGO,20,Mobile Wallet,Windsor,ON,9.34
ON100384,04/04/2025,C11606,P1659,Blender,Home & Kitchen,8.36,2,SAVE15,15,Interac,Hamilton,ON,14.21
ON100529,04/04/2025,C11697,P9638,USB-C Hub,Electronics,49.22,3,NO_COUPON,0,Credit Card,Barrie,ON,147.66
ON100946,04/04/2025,C12375,P3130,Storage Bin,Home & Kitchen,8.3,1,NO_COUPON,0,Credit Card,Mississauga,ON,8.3
ON100526,05/04/2025,C10541,P7417,Face Cleanser,Beauty,10.37,4,NO_COUPON,0,Credit Card,Markham,ON,41.48
ON100835,05/04/2025,C12450,P6731,Knife Set,Home & Kitchen,107.98,3,NO_COUPON,0,Interac,Hamilton,ON,323.94
ON100872,05/04/2025,C10633,P1181,USB-C Hub,Electronics,33.49,4,FREESHIP,0,Debit Card,Waterloo,ON,133.96
ON100739,06/04/2025,C10114,P7529,Granola Bars,Grocery,25.03,4,FREESHIP,0,Interac,Waterloo,ON,100.12
ON100923,06/04/2025,C10757,P3859,Knife Set,Home & Kitchen,13.21,2,FREESHIP,0,Mobile Wallet,Vaughan,ON,26.42
ON100082,08/04/2025,C11994,P6451,Shampoo,Beauty,35.07,5,NO_COUPON,0,Debit Card,Kitchener,ON,175.35
ON100175,08/04/2025,C11310,P3727,Water Bottle,Home & Kitchen,53.5,5,NO_COUPON,0,Debit Card,Scarborough,ON,267.5
ON100283,08/04/2025,C11097,P4435,Olive Oil,Grocery,15.83,3,SAVE15,15,Credit Card,Brampton,ON,40.37
ON100344,10/04/2025,C11563,P9141,Coffee Beans,Grocery,7.7,4,SAVE15,15,Credit Card,Scarborough,ON,26.18
ON100040,11/04/2025,C12393,P5933,Winter Jacket,Apparel,127.33,2,SAVE15,15,Debit Card,Ottawa,ON,216.46
ON100183,11/04/2025,C12179,P9055,Air Fryer,Home & Kitchen,80.84,3,NO_COUPON,0,Debit Card,Cambridge,ON,242.52
ON100461,11/04/2025,C12190,P4918,T-Shirt,Apparel,80.35,2,FREESHIP,0,Debit Card,Barrie,ON,160.7
ON100525,11/04/2025,C11622,P3075,Shampoo,Beauty,91.4,3,SAVE10,10,Debit Card,Ottawa,ON,246.78
ON100615,11/04/2025,C11012,P2335,Bluetooth Speaker,Electronics,185.22,1,WELCOME5,5,Credit Card,Guelph,ON,175.96
ON100165,12/04/2025,C10734,P2684,Wireless Mouse,Electronics,170.54,2,NO_COUPON,0,Credit Card,Guelph,ON,341.08
ON100693,12/04/2025,C11826,P5757,Olive Oil,Grocery,36.49,1,NO_COUPON,0,Credit Card,Vaughan,ON,36.49
ON100676,13/04/2025,C11796,P8377,Resistance Bands,Sports,66.56,4,NO_COUPON,0,PayPal,Waterloo,ON,266.24
ON100258,14/04/2025,C10545,P5883,Cereal,Grocery,3.43,2,NO_COUPON,0,Debit Card,London,ON,6.86
ON100694,14/04/2025,C11176,P1684,Tea,Grocery,44.37,2,SAVE10,10,Debit Card,Markham,ON,79.87
ON100405,16/04/2025,C11730,P8662,Body Lotion,Beauty,78.13,2,NO_COUPON,0,PayPal,Ottawa,ON,156.26
ON100894,16/04/2025,C12064,P5073,Resistance Bands,Sports,10.03,2,NO_COUPON,0,Debit Card,Cambridge,ON,20.06
ON101017,16/04/2025,C11051,P8626,USB-C Hub,Electronics,190.14,2,NO_COUPON,0,Debit Card,London,ON,380.28
ON100255,17/04/2025,C11174,P4577,Lip Balm,Beauty,23.49,3,NO_COUPON,0,Credit Card,Markham,ON,70.47
ON100537,17/04/2025,C10876,P1114,Coffee Maker,Home & Kitchen,19.62,3,NO_COUPON,0,Credit Card,Hamilton,ON,58.86
ON100750,17/04/2025,C11003,P7621,Fitness Tracker,Sports,20.63,2,SAVE10,10,Mobile Wallet,Barrie,ON,37.13
ON100226,18/04/2025,C11026,P5466,Webcam,Electronics,42.4,3,NO_COUPON,0,Debit Card,Hamilton,ON,127.2
ON100652,18/04/2025,C11469,P1908,Bluetooth Speaker,Electronics,26.57,4,NO_COUPON,0,Credit Card,Hamilton,ON,106.28
ON100247,19/04/2025,C12087,P2608,Water Bottle Sport,Sports,106.3,6,SAVE10,10,Credit Card,Toronto,ON,574.02
ON100386,19/04/2025,C12185,P6320,Running Shoes,Apparel,13.46,4,NO_COUPON,0,Credit Card,Vaughan,ON,53.84
ON100343,20/04/2025,C10732,P7868,Tea,Grocery,11.19,4,SAVE10,10,PayPal,London,ON,40.28
ON100022,21/04/2025,C11940,P1462,Pasta,Grocery,15.66,4,NO_COUPON,0,Debit Card,Scarborough,ON,62.64
ON100463,21/04/2025,C10738,P5611,Water Bottle Sport,Sports,13.19,3,WELCOME5,5,Debit Card,Hamilton,ON,37.59
ON100557,21/04/2025,C11370,P3065,Granola Bars,Grocery,6.22,1,SAVE15,15,Credit Card,Hamilton,ON,5.29
ON100626,22/04/2025,C11524,P8100,Cereal,Grocery,5.26,3,NO_COUPON,0,Mobile Wallet,Brampton,ON,15.78
ON100898,22/04/2025,C11349,P3250,Pasta,Grocery,5.72,1,NO_COUPON,0,Interac,Hamilton,ON,5.72
ON100249,25/04/2025,C10038,P5713,Webcam,Electronics,29,3,SAVE10,10,PayPal,Waterloo,ON,78.3
ON100071,26/04/2025,C12242,P7135,USB-C Hub,Electronics,29.53,2,SAVE15,15,Credit Card,Hamilton,ON,50.2
ON100516,27/04/2025,C11508,P5995,Basketball,Sports,31.04,1,BOGO,20,Interac,Brampton,ON,24.83
ON100876,28/04/2025,C11485,P4945,Bluetooth Speaker,Electronics,158.66,2,WELCOME5,5,Interac,Markham,ON,301.45
ON100051,29/04/2025,C11431,P4168,Storage Bin,Home & Kitchen,107.73,2,NO_COUPON,0,Debit Card,London,ON,215.46
ON100536,29/04/2025,C10317,P8686,Power Bank,Electronics,125.72,2,NO_COUPON,0,Debit Card,Scarborough,ON,251.44
ON100392,30/04/2025,C10075,P8265,Blender,Home & Kitchen,22.99,4,NO_COUPON,0,Mobile Wallet,Ottawa,ON,91.96
ON100978,30/04/2025,C10254,P7211,Shampoo,Beauty,50.95,3,WELCOME5,5,PayPal,Guelph,ON,145.21
ON100826,01/05/2025,C12445,P3685,Running Shoes,Apparel,53.52,5,NO_COUPON,0,Interac,Hamilton,ON,267.6
ON100101,02/05/2025,C12411,P9408,Wireless Keyboard,Electronics,51.7,3,FREESHIP,0,Credit Card,Brampton,ON,155.1
ON100420,02/05/2025,C10980,P1745,Webcam,Electronics,43.19,3,SAVE10,10,Credit Card,Vaughan,ON,116.61
ON100008,03/05/2025,C12481,P3541,Air Fryer,Home & Kitchen,12.02,1,SAVE10,10,PayPal,Scarborough,ON,10.82
ON100220,03/05/2025,C10549,P4965,Air Fryer,Home & Kitchen,41.47,3,SAVE15,15,Interac,Hamilton,ON,105.75
ON100644,03/05/2025,C11624,P3658,Moisturizer,Beauty,12.9,2,NO_COUPON,0,PayPal,Hamilton,ON,25.8
ON100655,03/05/2025,C11028,P7907,Water Bottle,Home & Kitchen,13.3,3,NO_COUPON,0,Credit Card,Windsor,ON,39.9
ON100860,03/05/2025,C11709,P9047,Granola Bars,Grocery,31.88,4,SAVE15,15,PayPal,Scarborough,ON,108.39
ON100333,04/05/2025,C10326,P6421,Power Bank,Electronics,19.1,5,NO_COUPON,0,PayPal,Vaughan,ON,95.5
ON100724,07/05/2025,C10758,P4653,Water Bottle,Home & Kitchen,47.37,3,SAVE15,15,Credit Card,Kitchener,ON,120.79
ON100140,11/05/2025,C11727,P8359,Knife Set,Home & Kitchen,35.23,3,NO_COUPON,0,Debit Card,London,ON,105.69
ON100949,13/05/2025,C11118,P3607,Baseball Cap,Apparel,201.5,5,SAVE10,10,Credit Card,Cambridge,ON,906.75
ON100890,14/05/2025,C11763,P7629,Wireless Mouse,Electronics,35.05,4,NO_COUPON,0,Credit Card,Brampton,ON,140.2
ON100357,16/05/2025,C11257,P8007,Pasta,Grocery,36.12,2,SAVE10,10,Credit Card,Waterloo,ON,65.02
ON100961,17/05/2025,C12401,P9491,Winter Jacket,Apparel,152.98,3,SAVE15,15,Debit Card,Markham,ON,390.1
ON100031,18/05/2025,C11883,P1214,Pasta,Grocery,17.5,5,NO_COUPON,0,Debit Card,Brampton,ON,87.5
ON100077,18/05/2025,C11709,P8020,Bluetooth Speaker,Electronics,25.82,3,WELCOME5,5,Debit Card,Markham,ON,73.59
ON100560,19/05/2025,C12050,P4112,Hoodie,Apparel,17.71,4,SAVE10,10,PayPal,Vaughan,ON,63.76
ON100320,20/05/2025,C10799,P7791,Water Bottle Sport,Sports,61.04,2,NO_COUPON,0,Debit Card,Ottawa,ON,122.08
ON100406,20/05/2025,C11122,P9246,Jeans,Apparel,216.36,5,SAVE15,15,Credit Card,Toronto,ON,919.53
ON100480,22/05/2025,C11022,P6755,Webcam,Electronics,21.06,2,NO_COUPON,0,Credit Card,Barrie,ON,42.12
ON100146,23/05/2025,C11805,P6664,Wireless Mouse,Electronics,241.49,5,SAVE15,15,PayPal,Kitchener,ON,1026.33
ON100628,23/05/2025,C12401,P9717,Knife Set,Home & Kitchen,38.56,2,FREESHIP,0,Debit Card,Hamilton,ON,77.12
ON100321,24/05/2025,C11805,P6736,T-Shirt,Apparel,35.59,5,NO_COUPON,0,Debit Card,Cambridge,ON,177.95
ON100503,24/05/2025,C11100,P1094,Fitness Tracker,Sports,60.35,1,NO_COUPON,0,Credit Card,London,ON,60.35
ON100559,24/05/2025,C11495,P8298,Jeans,Apparel,151.66,4,SAVE15,15,Interac,Guelph,ON,515.64
ON100709,24/05/2025,C10022,P5521,Baseball Cap,Apparel,83.61,3,SAVE15,15,Mobile Wallet,Windsor,ON,213.21
ON100185,25/05/2025,C10213,P6972,Bluetooth Speaker,Electronics,77.31,3,NO_COUPON,0,Mobile Wallet,Mississauga,ON,231.93
ON100842,25/05/2025,C11955,P6599,USB-C Hub,Electronics,67.05,4,WELCOME5,5,Debit Card,Waterloo,ON,254.79
ON100096,26/05/2025,C10461,P3362,Yoga Mat,Sports,90.83,2,SAVE15,15,Debit Card,Waterloo,ON,154.41
ON100586,26/05/2025,C10786,P9486,Pasta,Grocery,13.92,3,NO_COUPON,0,PayPal,Waterloo,ON,41.76
ON100378,27/05/2025,C12091,P6133,Resistance Bands,Sports,80.98,1,SAVE10,10,PayPal,Barrie,ON,72.88
ON100820,27/05/2025,C12483,P3256,Shampoo,Beauty,61.25,2,SAVE10,10,Debit Card,Toronto,ON,110.25
ON100310,29/05/2025,C11766,P1174,Storage Bin,Home & Kitchen,60.69,4,NO_COUPON,0,Debit Card,Brampton,ON,242.76
ON100845,29/05/2025,C12323,P3602,Lip Balm,Beauty,11.8,3,SAVE10,10,Credit Card,Kitchener,ON,31.86
ON100117,30/05/2025,C10996,P6001,USB-C Hub,Electronics,190.5,3,SAVE15,15,PayPal,Mississauga,ON,485.78
ON100819,30/05/2025,C12412,P3473,Wireless Mouse,Electronics,59.11,3,NO_COUPON,0,Debit Card,Cambridge,ON,177.33
ON100974,30/05/2025,C10400,P3018,Tea,Grocery,3.99,2,SAVE15,15,Interac,Hamilton,ON,6.78
ON100998,30/05/2025,C12110,P1240,Coffee Maker,Home & Kitchen,72.09,4,FREESHIP,0,Debit Card,Waterloo,ON,288.36
ON100501,31/05/2025,C10482,P3888,Power Bank,Electronics,39.29,3,SAVE15,15,Interac,Ottawa,ON,100.19
ON100911,31/05/2025,C10548,P4286,Coffee Beans,Grocery,9.04,4,SAVE10,10,PayPal,Vaughan,ON,32.54
ON100561,01/06/2025,C10068,P7162,Lip Balm,Beauty,40.78,3,NO_COUPON,0,Credit Card,Markham,ON,122.34
ON100609,01/06/2025,C11845,P4518,Running Shoes,Apparel,97.5,4,SAVE10,10,Credit Card,Vaughan,ON,351
ON100477,02/06/2025,C11183,P7351,Basketball,Sports,56.4,2,NO_COUPON,0,Mobile Wallet,Windsor,ON,112.8
ON100686,03/06/2025,C10864,P4248,Pasta,Grocery,4.01,1,FREESHIP,0,Credit Card,Markham,ON,4.01
ON100905,04/06/2025,C11010,P8835,Running Shoes,Apparel,15.52,2,NO_COUPON,0,Credit Card,Waterloo,ON,31.04
ON100340,05/06/2025,C12298,P5598,Tea,Grocery,4.6,2,SAVE10,10,Interac,Waterloo,ON,8.28
ON100919,06/06/2025,C11836,P3184,Blender,Home & Kitchen,17.11,4,NO_COUPON,0,Credit Card,Waterloo,ON,68.44
ON100207,08/06/2025,C10669,P5310,Bluetooth Speaker,Electronics,54.12,3,NO_COUPON,0,PayPal,Guelph,ON,162.36
ON100205,09/06/2025,C12126,P1591,Webcam,Electronics,95.94,1,SAVE15,15,PayPal,Kitchener,ON,81.55
ON100374,09/06/2025,C11071,P6213,Dumbbells,Sports,20.18,2,NO_COUPON,0,Debit Card,London,ON,40.36
ON100202,11/06/2025,C11108,P5749,Basketball,Sports,53.56,2,SAVE15,15,Debit Card,Barrie,ON,91.05
ON100610,11/06/2025,C11245,P9546,Face Cleanser,Beauty,53.22,2,NO_COUPON,0,Interac,Markham,ON,106.44
ON100288,12/06/2025,C11253,P1227,Power Bank,Electronics,41.43,2,SAVE10,10,Credit Card,Markham,ON,74.57
ON100502,13/06/2025,C10084,P1681,Hoodie,Apparel,94.14,2,SAVE10,10,PayPal,London,ON,169.45
ON100996,13/06/2025,C11164,P2570,Pasta,Grocery,6.28,4,BOGO,20,Credit Card,Cambridge,ON,20.1
ON100733,14/06/2025,C11005,P6422,USB-C Hub,Electronics,31.48,1,SAVE15,15,Interac,Windsor,ON,26.76
ON100768,14/06/2025,C10732,P2037,Water Bottle Sport,Sports,163.34,1,NO_COUPON,0,Interac,Guelph,ON,163.34
ON100878,14/06/2025,C11178,P7745,Wireless Keyboard,Electronics,221.24,2,SAVE10,10,PayPal,Cambridge,ON,398.23
ON100212,15/06/2025,C11015,P2829,Jeans,Apparel,23.02,7,FREESHIP,0,Mobile Wallet,Windsor,ON,161.14
ON100498,16/06/2025,C11592,P3211,Bluetooth Speaker,Electronics,23.11,2,NO_COUPON,0,Credit Card,London,ON,46.22
ON100038,17/06/2025,C11804,P4786,Coffee Maker,Home & Kitchen,66.74,1,NO_COUPON,0,PayPal,Ottawa,ON,66.74
ON100141,17/06/2025,C11509,P3195,Lip Balm,Beauty,20.77,6,NO_COUPON,0,Credit Card,Cambridge,ON,124.62
ON100277,17/06/2025,C12360,P6327,Wireless Mouse,Electronics,240.11,2,SAVE15,15,Mobile Wallet,Markham,ON,408.19
ON100109,18/06/2025,C12419,P1887,Cereal,Grocery,52.53,3,SAVE15,15,Credit Card,Hamilton,ON,133.95
ON100936,18/06/2025,C10113,P6745,Fitness Tracker,Sports,110.16,7,NO_COUPON,0,Credit Card,Kitchener,ON,771.12
ON100407,19/06/2025,C12124,P8595,Wireless Mouse,Electronics,140.72,3,NO_COUPON,0,PayPal,Windsor,ON,422.16
ON100150,20/06/2025,C11586,P5975,Resistance Bands,Sports,13.03,1,NO_COUPON,0,Debit Card,Vaughan,ON,13.03
ON100309,20/06/2025,C10681,P2410,Lip Balm,Beauty,20.59,6,BOGO,20,Mobile Wallet,Barrie,ON,98.83
ON100393,20/06/2025,C11654,P5198,Pasta,Grocery,7.79,2,NO_COUPON,0,Credit Card,Ottawa,ON,15.58
ON101013,20/06/2025,C11936,P2631,Blender,Home & Kitchen,12.83,24,NO_COUPON,0,Mobile Wallet,Scarborough,ON,307.92
ON100566,21/06/2025,C11656,P5763,Granola Bars,Grocery,3.42,4,NO_COUPON,0,Credit Card,Cambridge,ON,13.68
ON100294,22/06/2025,C11187,P9780,Wireless Keyboard,Electronics,31.98,2,NO_COUPON,0,Credit Card,Windsor,ON,63.96
ON100527,22/06/2025,C10174,P3001,Bluetooth Speaker,Electronics,83.28,3,BOGO,20,Interac,Kitchener,ON,199.87
ON100802,22/06/2025,C10614,P8614,Tea,Grocery,34.98,3,SAVE15,15,Credit Card,Brampton,ON,89.2
ON100444,23/06/2025,C10198,P1797,Hoodie,Apparel,30.73,2,NO_COUPON,0,Credit Card,Mississauga,ON,61.46
ON100475,24/06/2025,C10011,P1619,Pasta,Grocery,14.18,2,NO_COUPON,0,PayPal,Guelph,ON,28.36
ON100651,24/06/2025,C10304,P9941,Coffee Beans,Grocery,5.9,4,WELCOME5,5,Interac,Guelph,ON,22.42
ON100843,24/06/2025,C10663,P3481,Hair Dryer,Beauty,7.11,1,SAVE15,15,Debit Card,Barrie,ON,6.04
ON100095,25/06/2025,C11511,P1316,Fitness Tracker,Sports,89.61,1,FREESHIP,0,PayPal,Vaughan,ON,89.61
ON100488,25/06/2025,C11453,P2261,Knife Set,Home & Kitchen,56.69,3,NO_COUPON,0,Interac,Toronto,ON,170.07
ON100829,25/06/2025,C10187,P8196,T-Shirt,Apparel,16.21,2,SAVE15,15,PayPal,Scarborough,ON,27.56
ON100336,26/06/2025,C10196,P3269,Basketball,Sports,64.36,6,NO_COUPON,0,Debit Card,Waterloo,ON,386.16
ON100152,28/06/2025,C10062,P2900,Jeans,Apparel,213.58,2,SAVE10,10,PayPal,Kitchener,ON,384.44
ON100267,28/06/2025,C10349,P3967,Water Bottle Sport,Sports,20.61,4,NO_COUPON,0,Credit Card,Vaughan,ON,82.44
ON100413,29/06/2025,C10543,P9624,Knife Set,Home & Kitchen,18.89,3,WELCOME5,5,Debit Card,Kitchener,ON,53.84
ON100629,30/06/2025,C11970,P7198,Tea,Grocery,5.94,3,SAVE15,15,PayPal,Hamilton,ON,15.15
ON100347,01/07/2025,C12141,P4854,Webcam,Electronics,25.53,2,SAVE10,10,Credit Card,Vaughan,ON,45.95
ON100956,01/07/2025,C10256,P6473,Hoodie,Apparel,17.42,5,NO_COUPON,0,PayPal,Brampton,ON,87.1
ON100259,02/07/2025,C12156,P7116,Face Cleanser,Beauty,15.87,5,NO_COUPON,0,PayPal,Cambridge,ON,79.35
ON100436,02/07/2025,C11311,P4193,USB-C Hub,Electronics,123.44,4,FREESHIP,0,Credit Card,Cambridge,ON,493.76
ON100914,02/07/2025,C10377,P7998,Moisturizer,Beauty,28.79,2,NO_COUPON,0,Credit Card,Brampton,ON,57.58
ON100186,03/07/2025,C10472,P4079,Coffee Beans,Grocery,11.86,2,SAVE15,15,Mobile Wallet,Hamilton,ON,20.16
ON100302,03/07/2025,C10007,P6005,Blender,Home & Kitchen,65.27,2,FREESHIP,0,Credit Card,Mississauga,ON,130.54
ON100790,03/07/2025,C11118,P8734,Face Cleanser,Beauty,18.64,2,BOGO,20,Credit Card,Toronto,ON,29.82
ON100134,04/07/2025,C10057,P5304,Dumbbells,Sports,99.2,2,WELCOME5,5,Credit Card,Cambridge,ON,188.48
ON100222,05/07/2025,C12169,P7197,Hoodie,Apparel,43.13,2,NO_COUPON,0,Debit Card,Ottawa,ON,86.26
ON100235,07/07/2025,C11546,P2728,Knife Set,Home & Kitchen,16.26,2,SAVE15,15,Interac,Markham,ON,27.64
ON100327,08/07/2025,C12141,P5942,Power Bank,Electronics,74.2,2,SAVE15,15,Mobile Wallet,Waterloo,ON,126.14
ON100394,08/07/2025,C10023,P2582,Granola Bars,Grocery,3.23,4,NO_COUPON,0,Mobile Wallet,Guelph,ON,12.92
ON100519,08/07/2025,C10826,P2422,Blender,Home & Kitchen,13.78,5,BOGO,20,PayPal,Ottawa,ON,55.12
ON100087,09/07/2025,C10481,P2388,Fitness Tracker,Sports,11.6,6,NO_COUPON,0,Credit Card,Vaughan,ON,69.6
ON100441,10/07/2025,C12323,P3177,Running Shoes,Apparel,82.53,3,NO_COUPON,0,Debit Card,Barrie,ON,247.59
ON100737,10/07/2025,C10282,P5235,Power Bank,Electronics,180.31,4,NO_COUPON,0,Credit Card,Kitchener,ON,721.24
ON100738,10/07/2025,C11219,P8711,Granola Bars,Grocery,38.98,4,NO_COUPON,0,PayPal,Kitchener,ON,155.92
ON100999,10/07/2025,C11406,P8026,Webcam,Electronics,93.7,4,NO_COUPON,0,PayPal,Cambridge,ON,374.8
ON101019,10/07/2025,C12021,P4779,Pasta,Grocery,9.88,2,NO_COUPON,0,Credit Card,Toronto,ON,19.76
ON100304,11/07/2025,C11547,P3032,Face Cleanser,Beauty,22.3,2,SAVE10,10,Credit Card,London,ON,40.14
ON100362,11/07/2025,C10080,P9791,Moisturizer,Beauty,10.43,2,NO_COUPON,0,Credit Card,Markham,ON,20.86
ON100787,11/07/2025,C11362,P5509,Olive Oil,Grocery,3.11,1,NO_COUPON,0,Credit Card,Cambridge,ON,3.11
ON100973,11/07/2025,C10548,P3332,USB-C Hub,Electronics,31.54,3,NO_COUPON,15,Credit Card,Waterloo,ON,80.43
ON100332,12/07/2025,C10142,P6745,Yoga Mat,Sports,160.36,3,SAVE15,15,PayPal,Windsor,ON,408.92
ON100953,12/07/2025,C10487,P5915,Dumbbells,Sports,23.04,1,NO_COUPON,0,Credit Card,Mississauga,ON,23.04
ON100518,13/07/2025,C10897,P2303,Body Lotion,Beauty,13.27,5,FREESHIP,0,Credit Card,Hamilton,ON,66.35
ON100547,13/07/2025,C11443,P5107,Blender,Home & Kitchen,173.99,2,NO_COUPON,0,Credit Card,Hamilton,ON,347.98
ON100164,14/07/2025,C10091,P7010,Blender,Home & Kitchen,17.23,3,NO_COUPON,0,Interac,Kitchener,ON,51.69
ON100316,14/07/2025,C10419,P9774,Lip Balm,Beauty,8.83,2,FREESHIP,0,Debit Card,Mississauga,ON,17.66
ON100397,14/07/2025,C12038,P8422,Basketball,Sports,153.94,2,WELCOME5,5,Debit Card,Toronto,ON,292.49
ON100588,14/07/2025,C11301,P7253,Tea,Grocery,4.3,4,SAVE15,15,Credit Card,Toronto,ON,14.62
ON100599,16/07/2025,C11324,P7233,Power Bank,Electronics,86.42,2,WELCOME5,5,PayPal,Windsor,ON,164.2
ON100065,17/07/2025,C10047,P1575,Power Bank,Electronics,54.06,2,SAVE10,10,Credit Card,Markham,ON,97.31
ON100623,18/07/2025,C12041,P5012,Blender,Home & Kitchen,76.06,3,NO_COUPON,0,Interac,Ottawa,ON,228.18
ON100637,19/07/2025,C11737,P9995,Jeans,Apparel,176.01,2,SAVE10,10,Mobile Wallet,London,ON,316.82
ON100076,20/07/2025,C11493,P3794,Lip Balm,Beauty,12.13,3,NO_COUPON,0,Debit Card,Hamilton,ON,36.39
ON100250,20/07/2025,C10354,P7348,Wireless Keyboard,Electronics,78.08,3,NO_COUPON,0,Debit Card,Guelph,ON,234.24
ON100290,21/07/2025,C10825,P3463,Wireless Mouse,Electronics,48.22,2,NO_COUPON,0,Mobile Wallet,Markham,ON,96.44
ON100166,22/07/2025,C11959,P6982,Winter Jacket,Apparel,88.27,7,SAVE10,10,Credit Card,Waterloo,ON,556.1
ON100727,22/07/2025,C10938,P3431,Water Bottle,Home & Kitchen,19.65,3,NO_COUPON,0,Interac,Scarborough,ON,58.95
ON101015,22/07/2025,C10545,P5201,Hoodie,Apparel,68.28,3,SAVE15,15,Credit Card,Vaughan,ON,174.11
ON100365,23/07/2025,C10400,P5003,Resistance Bands,Sports,21.72,2,FREESHIP,0,Interac,Mississauga,ON,43.44
ON100195,25/07/2025,C11787,P8001,Tea,Grocery,11.71,4,NO_COUPON,15,Debit Card,Toronto,ON,39.81
ON100618,25/07/2025,C10389,P3022,Air Fryer,Home & Kitchen,78.63,3,SAVE10,10,Debit Card,Vaughan,ON,212.3
ON100193,27/07/2025,C10842,P5461,Yoga Mat,Sports,41.29,2,WELCOME5,5,PayPal,Kitchener,ON,78.45
ON100976,28/07/2025,C10981,P8815,Olive Oil,Grocery,6.12,2,NO_COUPON,0,Interac,Vaughan,ON,12.24
ON100137,30/07/2025,C12445,P8813,Granola Bars,Grocery,48.75,7,NO_COUPON,0,PayPal,Windsor,ON,341.25
ON100264,30/07/2025,C12335,P4130,Dumbbells,Sports,81.3,2,SAVE10,10,Interac,Cambridge,ON,146.34
ON100964,01/08/2025,C10199,P4632,Power Bank,Electronics,21.49,2,BOGO,20,Mobile Wallet,Vaughan,ON,34.38
ON100043,04/08/2025,C11811,P6812,Webcam,Electronics,109.95,2,BOGO,20,Credit Card,London,ON,175.92
ON100514,06/08/2025,C10488,P1469,Granola Bars,Grocery,40.89,3,FREESHIP,0,Credit Card,London,ON,122.67
ON100754,07/08/2025,C11885,P5946,Storage Bin,Home & Kitchen,34.27,3,SAVE10,10,Debit Card,Mississauga,ON,92.53
ON100983,07/08/2025,C11273,P3937,Face Cleanser,Beauty,49.24,4,WELCOME5,5,Credit Card,Windsor,ON,187.11
ON100190,08/08/2025,C11960,P3220,Tea,Grocery,17.28,2,NO_COUPON,0,PayPal,Kitchener,ON,34.56
ON100052,09/08/2025,C11421,P2801,Baseball Cap,Apparel,12.15,5,SAVE10,10,Credit Card,Barrie,ON,54.68
ON100296,09/08/2025,C10931,P3120,Lip Balm,Beauty,63.07,2,SAVE10,10,Credit Card,Toronto,ON,113.53
ON100735,10/08/2025,C12407,P9149,Power Bank,Electronics,121.99,4,BOGO,20,Debit Card,Waterloo,ON,390.37
ON100062,11/08/2025,C10436,P7284,Blender,Home & Kitchen,117.06,2,SAVE15,15,Debit Card,Windsor,ON,199
ON100197,11/08/2025,C12280,P8238,Tea,Grocery,5.08,3,NO_COUPON,0,Debit Card,Guelph,ON,15.24
ON100387,11/08/2025,C10359,P3145,Resistance Bands,Sports,13.75,3,SAVE10,10,Debit Card,Cambridge,ON,37.12
ON100621,11/08/2025,C12489,P3426,Wireless Keyboard,Electronics,44.46,5,SAVE10,10,Credit Card,Guelph,ON,200.07
ON100619,12/08/2025,C10354,P1131,Hoodie,Apparel,133.18,3,WELCOME5,5,Credit Card,Toronto,ON,379.56
ON100067,13/08/2025,C10990,P4853,Water Bottle Sport,Sports,20.63,4,SAVE15,15,Debit Card,Mississauga,ON,70.14
ON100021,14/08/2025,C10537,P5619,Wireless Mouse,Electronics,67.38,1,SAVE10,10,Interac,Guelph,ON,60.64
ON100326,14/08/2025,C12165,P9694,Winter Jacket,Apparel,36.01,5,FREESHIP,0,PayPal,Ottawa,ON,180.05
ON100895,14/08/2025,C10487,P1528,Olive Oil,Grocery,4.8,2,NO_COUPON,0,Debit Card,Hamilton,ON,9.6
ON100368,15/08/2025,C10452,P6728,Blender,Home & Kitchen,24.64,4,NO_COUPON,0,Credit Card,Brampton,ON,98.56
ON100569,15/08/2025,C10960,P3087,Coffee Beans,Grocery,27.05,3,NO_COUPON,0,Credit Card,Markham,ON,81.15
ON100491,16/08/2025,C11288,P5088,Cereal,Grocery,37.58,1,NO_COUPON,0,Interac,Barrie,ON,37.58
ON100759,17/08/2025,C11944,P3212,Wireless Keyboard,Electronics,63.51,1,SAVE10,10,Debit Card,Vaughan,ON,57.16
ON100899,17/08/2025,C10508,P9644,Running Shoes,Apparel,12.88,2,NO_COUPON,0,Debit Card,London,ON,25.76
ON100373,19/08/2025,C10101,P9376,Blender,Home & Kitchen,37.31,3,SAVE10,10,Credit Card,Scarborough,ON,100.74
ON100625,19/08/2025,C11502,P9836,Olive Oil,Grocery,3.47,7,NO_COUPON,0,Interac,Vaughan,ON,24.29
ON100184,20/08/2025,C10438,P6813,Storage Bin,Home & Kitchen,105.94,3,NO_COUPON,0,Credit Card,Cambridge,ON,317.82
ON100747,21/08/2025,C11561,P1454,Jeans,Apparel,16.33,3,FREESHIP,0,Debit Card,Toronto,ON,48.99
ON100606,22/08/2025,C12461,P2511,Wireless Mouse,Electronics,52.98,1,BOGO,20,Credit Card,Cambridge,ON,42.38
ON101002,22/08/2025,C10857,P4595,Webcam,Electronics,212.4,1,NO_COUPON,0,Debit Card,Brampton,ON,212.4
ON100093,24/08/2025,C10976,P1275,Baseball Cap,Apparel,43.31,1,NO_COUPON,0,PayPal,Cambridge,ON,43.31
ON100797,26/08/2025,C12422,P3157,Bluetooth Speaker,Electronics,43.93,5,FREESHIP,0,Debit Card,Vaughan,ON,219.65
ON100545,27/08/2025,C11984,P7769,Water Bottle,Home & Kitchen,95.23,3,WELCOME5,5,Credit Card,Scarborough,ON,271.41
ON100434,30/08/2025,C11808,P9254,Air Fryer,Home & Kitchen,144.57,2,NO_COUPON,0,Debit Card,Scarborough,ON,289.14
ON100942,01/09/2025,C10784,P2946,Knife Set,Home & Kitchen,89.81,4,WELCOME5,5,Credit Card,Cambridge,ON,341.28
ON100026,02/09/2025,C10961,P6614,Resistance Bands,Sports,121.39,1,NO_COUPON,0,Debit Card,Ottawa,ON,121.39
ON100578,03/09/2025,C11155,P5560,Jeans,Apparel,24.63,2,SAVE10,10,Credit Card,Brampton,ON,44.33
ON100928,03/09/2025,C11893,P5650,Jeans,Apparel,67.6,2,SAVE15,15,Debit Card,Mississauga,ON,114.92
ON100161,04/09/2025,C12071,P1101,USB-C Hub,Electronics,62.75,5,NO_COUPON,0,Mobile Wallet,Kitchener,ON,313.75
ON100678,04/09/2025,C10597,P4830,Bluetooth Speaker,Electronics,114.47,2,NO_COUPON,0,Credit Card,Vaughan,ON,228.94
ON100142,05/09/2025,C10430,P3157,Coffee Maker,Home & Kitchen,14.98,2,SAVE15,15,Credit Card,Scarborough,ON,25.47
ON100160,06/09/2025,C11497,P8769,Jeans,Apparel,32.84,5,NO_COUPON,0,Credit Card,Windsor,ON,164.2
ON100947,06/09/2025,C10573,P8499,Shampoo,Beauty,11.9,5,FREESHIP,0,Credit Card,Markham,ON,59.5
ON100064,07/09/2025,C11737,P1204,Winter Jacket,Apparel,209.38,1,NO_COUPON,0,PayPal,Waterloo,ON,209.38
ON100367,07/09/2025,C12286,P7545,USB-C Hub,Electronics,122.04,2,NO_COUPON,0,Credit Card,Windsor,ON,244.08
ON100893,07/09/2025,C10803,P9417,Granola Bars,Grocery,9.64,2,NO_COUPON,0,Interac,Windsor,ON,19.28
ON100945,07/09/2025,C11396,P6567,Webcam,Electronics,44.2,2,NO_COUPON,0,Mobile Wallet,Barrie,ON,88.4
ON100489,08/09/2025,C10053,P5803,Fitness Tracker,Sports,60.7,3,BOGO,20,Debit Card,Markham,ON,145.68
ON100244,10/09/2025,C10877,P2597,Wireless Mouse,Electronics,90.93,4,NO_COUPON,0,Debit Card,Mississauga,ON,363.72
ON100565,10/09/2025,C12313,P2624,Yoga Mat,Sports,94.35,5,SAVE10,10,Debit Card,Kitchener,ON,424.58
ON100162,11/09/2025,C11943,P8057,Coffee Maker,Home & Kitchen,95.54,4,WELCOME5,5,PayPal,Kitchener,ON,363.05
ON100271,11/09/2025,C10661,P5181,Pasta,Grocery,33,3,SAVE10,10,Credit Card,Kitchener,ON,89.1
ON100419,11/09/2025,C10226,P1334,Fitness Tracker,Sports,138.96,4,NO_COUPON,0,PayPal,Guelph,ON,555.84
ON100616,11/09/2025,C12115,P7305,Olive Oil,Grocery,3.9,5,SAVE15,15,Debit Card,Kitchener,ON,16.58
ON100915,11/09/2025,C10432,P2687,Webcam,Electronics,118.08,3,NO_COUPON,0,Mobile Wallet,Ottawa,ON,354.24
ON100957,11/09/2025,C11513,P8233,Running Shoes,Apparel,179.78,4,SAVE10,10,Credit Card,Waterloo,ON,647.21
ON100458,12/09/2025,C12252,P7069,Lip Balm,Beauty,12.08,4,NO_COUPON,0,Interac,Windsor,ON,48.32
ON100721,12/09/2025,C12266,P5143,Webcam,Electronics,200.21,1,NO_COUPON,0,Mobile Wallet,Toronto,ON,200.21
ON100766,15/09/2025,C11161,P1583,Moisturizer,Beauty,38.33,3,SAVE10,10,Mobile Wallet,Brampton,ON,103.49
ON100493,16/09/2025,C10689,P8388,Shampoo,Beauty,10.9,2,SAVE15,15,Credit Card,Windsor,ON,18.53
ON100939,17/09/2025,C10448,P6386,Air Fryer,Home & Kitchen,21.97,1,NO_COUPON,0,Debit Card,Ottawa,ON,21.97
ON100540,18/09/2025,C11721,P5751,Storage Bin,Home & Kitchen,10.55,2,NO_COUPON,0,Mobile Wallet,Kitchener,ON,21.1
ON100784,19/09/2025,C11248,P6512,Winter Jacket,Apparel,146.65,4,SAVE10,10,Debit Card,Windsor,ON,527.94
ON100979,19/09/2025,C11820,P2835,Coffee Beans,Grocery,16.69,1,NO_COUPON,0,Credit Card,Mississauga,ON,16.69
ON100004,20/09/2025,C12202,P1859,Air Fryer,Home & Kitchen,34.29,2,SAVE10,10,Credit Card,Scarborough,ON,61.72
ON100234,20/09/2025,C11101,P7946,Water Bottle,Home & Kitchen,32.1,2,NO_COUPON,0,Credit Card,Mississauga,ON,64.2
ON100467,20/09/2025,C10539,P3160,Wireless Mouse,Electronics,48.13,4,FREESHIP,0,Debit Card,Kitchener,ON,192.52
ON100401,21/09/2025,C12159,P3845,Storage Bin,Home & Kitchen,110.84,3,FREESHIP,0,Mobile Wallet,Toronto,ON,332.52
ON100429,21/09/2025,C11521,P5480,Tea,Grocery,50.05,3,NO_COUPON,0,Debit Card,London,ON,150.15
ON100613,21/09/2025,C10162,P7733,Dumbbells,Sports,13.47,3,NO_COUPON,0,Mobile Wallet,Kitchener,ON,40.41
ON100624,21/09/2025,C12129,P6950,Pasta,Grocery,8.76,4,FREESHIP,0,Mobile Wallet,Brampton,ON,35.04
ON100090,22/09/2025,C10339,P6675,Wireless Keyboard,Electronics,25.35,2,BOGO,20,Mobile Wallet,Hamilton,ON,40.56
ON100348,22/09/2025,C11424,P9520,Resistance Bands,Sports,161.79,4,NO_COUPON,0,Mobile Wallet,Windsor,ON,647.16
ON100081,23/09/2025,C11920,P6127,Fitness Tracker,Sports,11.09,2,NO_COUPON,0,Interac,Mississauga,ON,22.18
ON100138,23/09/2025,C12200,P8979,Blender,Home & Kitchen,57.87,6,NO_COUPON,0,Credit Card,Mississauga,ON,347.22
ON100745,23/09/2025,C11136,P1517,Storage Bin,Home & Kitchen,143.38,2,BOGO,20,Debit Card,Mississauga,ON,229.41
ON100003,24/09/2025,C12319,P2149,Cereal,Grocery,8.57,3,SAVE10,10,Credit Card,Mississauga,ON,23.14
ON100119,24/09/2025,C12100,P1198,Face Cleanser,Beauty,15.21,2,NO_COUPON,0,Credit Card,Windsor,ON,30.42
ON100293,24/09/2025,C11697,P4449,Bluetooth Speaker,Electronics,223.03,2,SAVE15,15,Mobile Wallet,Ottawa,ON,379.15
ON100281,25/09/2025,C10966,P7954,Coffee Beans,Grocery,17.89,4,NO_COUPON,0,PayPal,Kitchener,ON,71.56
ON100788,26/09/2025,C12406,P4637,Water Bottle Sport,Sports,45.2,3,FREESHIP,0,Credit Card,Markham,ON,135.6
ON100921,26/09/2025,C11225,P8368,Fitness Tracker,Sports,80.62,4,WELCOME5,5,Credit Card,Brampton,ON,306.36
ON100029,27/09/2025,C11898,P9803,Knife Set,Home & Kitchen,21.29,1,NO_COUPON,0,PayPal,Markham,ON,21.29
ON100046,28/09/2025,C10161,P1484,Moisturizer,Beauty,12.46,1,NO_COUPON,0,Interac,Toronto,ON,12.46
ON100182,28/09/2025,C10799,P7316,Knife Set,Home & Kitchen,31.58,2,BOGO,20,Debit Card,Kitchener,ON,50.53
ON100215,29/09/2025,C12426,P9561,Bluetooth Speaker,Electronics,85.26,3,NO_COUPON,0,Credit Card,Barrie,ON,255.78
ON100263,29/09/2025,C10754,P4393,Water Bottle,Home & Kitchen,89.8,3,FREESHIP,0,Debit Card,Cambridge,ON,269.4
ON100857,29/09/2025,C10858,P3181,Basketball,Sports,166.84,6,NO_COUPON,0,Debit Card,Ottawa,ON,1001.04
ON100909,29/09/2025,C11826,P1746,USB-C Hub,Electronics,216.39,5,SAVE15,15,Debit Card,Windsor,ON,919.66
ON100210,30/09/2025,C11552,P6116,Webcam,Electronics,135.55,8,NO_COUPON,0,Credit Card,Cambridge,ON,1084.4
ON100871,30/09/2025,C11906,P8253,Water Bottle Sport,Sports,18.53,5,WELCOME5,5,Credit Card,London,ON,88.02
ON100019,01/10/2025,C11373,P9625,Winter Jacket,Apparel,15.19,2,NO_COUPON,0,Credit Card,Kitchener,ON,30.38
ON100030,01/10/2025,C11601,P4405,Wireless Mouse,Electronics,36.83,1,WELCOME5,5,Credit Card,Toronto,ON,34.99
ON100499,03/10/2025,C10510,P7057,Face Cleanser,Beauty,69.73,3,NO_COUPON,0,PayPal,Ottawa,ON,209.19
ON100781,03/10/2025,C10675,P7296,Granola Bars,Grocery,19.46,3,NO_COUPON,0,PayPal,Brampton,ON,58.38
ON100821,03/10/2025,C10040,P4178,Cereal,Grocery,53.58,4,NO_COUPON,0,Mobile Wallet,Guelph,ON,214.32
ON100218,04/10/2025,C11339,P2242,Moisturizer,Beauty,64.53,4,NO_COUPON,0,Credit Card,Brampton,ON,258.12
ON100530,04/10/2025,C11660,P3020,Granola Bars,Grocery,4.49,1,NO_COUPON,0,Mobile Wallet,Ottawa,ON,4.49
ON100859,04/10/2025,C10550,P9853,Hair Dryer,Beauty,21.69,5,NO_COUPON,0,Credit Card,Hamilton,ON,108.45
ON100201,05/10/2025,C12172,P6749,Moisturizer,Beauty,45.5,1,NO_COUPON,0,Mobile Wallet,Ottawa,ON,45.5
ON100112,06/10/2025,C11490,P9717,Coffee Beans,Grocery,3.94,7,NO_COUPON,0,Credit Card,Brampton,ON,27.58
ON100786,06/10/2025,C10407,P8318,Air Fryer,Home & Kitchen,174.96,3,NO_COUPON,0,Mobile Wallet,Waterloo,ON,524.88
ON100891,06/10/2025,C12247,P9377,Coffee Beans,Grocery,4.23,3,NO_COUPON,0,Debit Card,Hamilton,ON,12.69
ON100902,06/10/2025,C10980,P7240,Resistance Bands,Sports,179.81,2,NO_COUPON,0,Credit Card,London,ON,359.62
ON100329,07/10/2025,C12411,P9523,Water Bottle,Home & Kitchen,39.78,4,NO_COUPON,0,Credit Card,Cambridge,ON,159.12
ON100638,07/10/2025,C10643,P6140,Webcam,Electronics,72.58,2,NO_COUPON,0,PayPal,Cambridge,ON,145.16
ON100173,08/10/2025,C10497,P7961,Air Fryer,Home & Kitchen,19.72,2,FREESHIP,0,Credit Card,Cambridge,ON,39.44
ON100604,08/10/2025,C10954,P7519,Power Bank,Electronics,65.09,3,SAVE10,10,Credit Card,Kitchener,ON,175.74
ON100925,08/10/2025,C10626,P4654,Power Bank,Electronics,86.95,4,WELCOME5,5,Debit Card,Ottawa,ON,330.41
ON100072,09/10/2025,C11498,P7541,USB-C Hub,Electronics,38.99,3,FREESHIP,0,Credit Card,Cambridge,ON,116.97
ON100227,09/10/2025,C11667,P7429,Hoodie,Apparel,58.96,4,NO_COUPON,0,Interac,Brampton,ON,235.84
ON100479,09/10/2025,C10223,P3559,Hair Dryer,Beauty,74.05,3,NO_COUPON,0,Credit Card,Vaughan,ON,222.15
ON100700,10/10/2025,C10269,P9960,Hoodie,Apparel,44.57,3,WELCOME5,5,Mobile Wallet,Vaughan,ON,127.02
ON100053,11/10/2025,C12124,P7433,Air Fryer,Home & Kitchen,47.36,3,NO_COUPON,0,PayPal,Waterloo,ON,142.08
ON100273,11/10/2025,C12185,P1854,Knife Set,Home & Kitchen,144.56,3,NO_COUPON,0,Interac,Windsor,ON,433.68
ON100468,11/10/2025,C10349,P2035,Fitness Tracker,Sports,23.97,2,SAVE10,10,Debit Card,Toronto,ON,43.15
ON100069,13/10/2025,C10889,P7227,Power Bank,Electronics,23.37,3,NO_COUPON,0,Debit Card,Barrie,ON,70.11
ON100122,13/10/2025,C11009,P4019,Tea,Grocery,5.69,1,NO_COUPON,0,Debit Card,Ottawa,ON,5.69
ON100361,13/10/2025,C10177,P7909,Face Cleanser,Beauty,6.54,1,SAVE15,15,Debit Card,Toronto,ON,5.56
ON100107,14/10/2025,C11977,P9806,Resistance Bands,Sports,169.2,2,WELCOME5,5,PayPal,Kitchener,ON,321.48
ON100286,15/10/2025,C10738,P8894,Body Lotion,Beauty,62.6,2,SAVE15,15,Credit Card,London,ON,106.42
ON100930,15/10/2025,C12304,P6946,Baseball Cap,Apparel,156.04,3,SAVE15,15,Interac,Markham,ON,397.9
ON100959,15/10/2025,C10175,P2427,Running Shoes,Apparel,80.39,3,NO_COUPON,0,Debit Card,Brampton,ON,241.17
ON100075,16/10/2025,C10047,P2524,Knife Set,Home & Kitchen,18.32,5,FREESHIP,0,Debit Card,Markham,ON,91.6
ON100512,16/10/2025,C11970,P7462,T-Shirt,Apparel,54.73,26,WELCOME5,5,Interac,Hamilton,ON,1351.83
ON100699,16/10/2025,C10405,P9565,Coffee Maker,Home & Kitchen,22.66,5,NO_COUPON,0,Mobile Wallet,Mississauga,ON,113.3
ON100958,17/10/2025,C12182,P1158,Baseball Cap,Apparel,130.15,2,NO_COUPON,0,Mobile Wallet,Kitchener,ON,260.3
ON100614,18/10/2025,C11085,P8061,T-Shirt,Apparel,55.64,2,FREESHIP,0,Credit Card,Guelph,ON,111.28
ON100757,18/10/2025,C11203,P8634,USB-C Hub,Electronics,63.46,7,NO_COUPON,0,PayPal,Toronto,ON,444.22
ON100774,18/10/2025,C11217,P3762,Hair Dryer,Beauty,66.48,2,SAVE15,15,Mobile Wallet,Vaughan,ON,113.02
ON100635,19/10/2025,C11183,P3839,Wireless Mouse,Electronics,233.1,2,SAVE15,15,PayPal,Barrie,ON,396.27
ON100272,20/10/2025,C11913,P7005,Lip Balm,Beauty,10.46,5,SAVE15,15,PayPal,Guelph,ON,44.46
ON100278,23/10/2025,C10134,P2840,Air Fryer,Home & Kitchen,164.31,3,SAVE10,10,Credit Card,Kitchener,ON,443.64
ON101016,23/10/2025,C12354,P1417,Cereal,Grocery,6.11,5,NO_COUPON,0,Interac,Cambridge,ON,30.55
ON100438,24/10/2025,C11903,P8716,Water Bottle Sport,Sports,110.49,2,WELCOME5,5,Debit Card,Ottawa,ON,209.93
ON100642,24/10/2025,C10705,P6493,Granola Bars,Grocery,21.87,3,WELCOME5,5,Interac,Brampton,ON,62.33
ON100718,24/10/2025,C11531,P6315,Wireless Mouse,Electronics,67.37,4,NO_COUPON,0,Credit Card,Brampton,ON,269.48
ON100280,25/10/2025,C11809,P2610,Power Bank,Electronics,174.09,4,BOGO,20,PayPal,London,ON,557.09
ON100708,26/10/2025,C12165,P9698,Dumbbells,Sports,33.56,3,BOGO,20,Mobile Wallet,Barrie,ON,80.54
ON100231,27/10/2025,C10184,P6828,Pasta,Grocery,7.92,2,NO_COUPON,0,Debit Card,Guelph,ON,15.84
ON100248,27/10/2025,C10704,P9533,Wireless Keyboard,Electronics,18.54,2,NO_COUPON,0,PayPal,Windsor,ON,37.08
ON100556,27/10/2025,C10233,P5362,Water Bottle Sport,Sports,24.58,5,BOGO,20,Debit Card,Waterloo,ON,98.32
ON101003,27/10/2025,C12307,P1852,Blender,Home & Kitchen,86.52,3,NO_COUPON,0,Debit Card,Markham,ON,259.56
ON100181,28/10/2025,C12387,P4475,Moisturizer,Beauty,7.62,4,NO_COUPON,0,Interac,Cambridge,ON,30.48
ON100199,28/10/2025,C10200,P4983,Hoodie,Apparel,12.02,1,NO_COUPON,0,Credit Card,Hamilton,ON,12.02
ON100179,29/10/2025,C11406,P7434,Cereal,Grocery,3.72,3,WELCOME5,5,PayPal,Markham,ON,10.6
ON100054,30/10/2025,C10976,P6671,Pasta,Grocery,3.36,4,NO_COUPON,0,Debit Card,Ottawa,ON,13.44
ON100447,30/10/2025,C11300,P8854,Basketball,Sports,15.84,3,BOGO,20,Debit Card,Vaughan,ON,38.02
ON100020,31/10/2025,C11982,P1534,Power Bank,Electronics,64.37,4,NO_COUPON,0,Mobile Wallet,Hamilton,ON,257.48
ON100399,31/10/2025,C12176,P4653,Wireless Keyboard,Electronics,41.7,4,NO_COUPON,0,Mobile Wallet,Brampton,ON,166.8
ON100400,31/10/2025,C11370,P4244,Wireless Mouse,Electronics,138.73,2,NO_COUPON,0,Mobile Wallet,Ottawa,ON,277.46
ON100658,02/11/2025,C11240,P4857,Granola Bars,Grocery,4.65,4,WELCOME5,5,Credit Card,Markham,ON,17.67
ON100993,02/11/2025,C11077,P4041,Wireless Mouse,Electronics,178.75,5,BOGO,20,Credit Card,Cambridge,ON,715
ON100113,03/11/2025,C10061,P5862,Fitness Tracker,Sports,33.68,2,SAVE10,10,Credit Card,Waterloo,ON,60.62
ON100156,03/11/2025,C10383,P7025,Coffee Beans,Grocery,18.8,3,BOGO,20,Credit Card,Cambridge,ON,45.12
ON100549,03/11/2025,C12134,P1940,Coffee Maker,Home & Kitchen,9.4,2,NO_COUPON,0,Credit Card,Barrie,ON,18.8
ON100620,03/11/2025,C11420,P4247,Jeans,Apparel,67.02,1,NO_COUPON,0,Mobile Wallet,London,ON,67.02
ON100864,03/11/2025,C12403,P2199,Bluetooth Speaker,Electronics,111.77,6,NO_COUPON,0,Credit Card,Scarborough,ON,670.62
ON100414,04/11/2025,C12436,P1772,Knife Set,Home & Kitchen,9.13,3,BOGO,20,Debit Card,Hamilton,ON,21.91
ON100439,05/11/2025,C10075,P3658,Olive Oil,Grocery,3.65,1,SAVE10,10,PayPal,Vaughan,ON,3.28
ON100926,05/11/2025,C10161,P2629,Bluetooth Speaker,Electronics,86.57,2,SAVE10,10,Credit Card,Cambridge,ON,155.83
ON100016,08/11/2025,C10784,P5770,Moisturizer,Beauty,70.07,2,SAVE10,10,Interac,Mississauga,ON,126.13
ON100985,08/11/2025,C10733,P8094,Storage Bin,Home & Kitchen,72.73,3,NO_COUPON,0,Mobile Wallet,Windsor,ON,218.19
ON100338,09/11/2025,C10080,P6787,Baseball Cap,Apparel,13.57,4,SAVE15,15,Credit Card,Scarborough,ON,46.14
ON100600,09/11/2025,C11123,P1638,Granola Bars,Grocery,10.7,7,SAVE15,15,Mobile Wallet,Guelph,ON,63.66
ON100791,09/11/2025,C10768,P4919,USB-C Hub,Electronics,28.19,3,WELCOME5,5,Mobile Wallet,Hamilton,ON,80.34
ON100542,10/11/2025,C10077,P7959,Tea,Grocery,35.93,3,FREESHIP,0,Interac,Hamilton,ON,107.79
ON100360,11/11/2025,C12442,P1971,Air Fryer,Home & Kitchen,20.45,4,SAVE15,15,Debit Card,Kitchener,ON,69.53
ON100707,11/11/2025,C12178,P3040,Wireless Mouse,Electronics,223,5,NO_COUPON,0,Credit Card,Guelph,ON,1115
ON100691,12/11/2025,C10482,P4666,Storage Bin,Home & Kitchen,43.68,1,NO_COUPON,0,Credit Card,Brampton,ON,43.68
ON100995,12/11/2025,C11957,P4075,Lip Balm,Beauty,53.17,5,NO_COUPON,0,Interac,Scarborough,ON,265.85
ON101000,12/11/2025,C12321,P1047,Fitness Tracker,Sports,17.21,3,NO_COUPON,0,Mobile Wallet,Guelph,ON,51.63
ON100443,13/11/2025,C11576,P2899,T-Shirt,Apparel,161.97,6,NO_COUPON,0,PayPal,Toronto,ON,971.82
ON100571,14/11/2025,C12377,P9835,Jeans,Apparel,67.77,2,NO_COUPON,0,Interac,Markham,ON,135.54
ON100670,14/11/2025,C10570,P2467,Dumbbells,Sports,20.87,4,WELCOME5,5,Credit Card,Toronto,ON,79.31
ON100702,14/11/2025,C10576,P9313,Webcam,Electronics,195.45,2,WELCOME5,5,Debit Card,Kitchener,ON,371.35
ON100881,14/11/2025,C10995,P8735,Jeans,Apparel,45.46,3,SAVE10,10,Credit Card,Toronto,ON,122.74
ON100010,16/11/2025,C11467,P2220,Basketball,Sports,29.66,3,SAVE10,10,Debit Card,Vaughan,ON,80.08
ON100982,16/11/2025,C11631,P4966,Face Cleanser,Beauty,69.97,16,NO_COUPON,0,Debit Card,Markham,ON,1119.52
ON100980,18/11/2025,C12336,P1509,Lip Balm,Beauty,7.47,2,BOGO,20,PayPal,Guelph,ON,11.95
ON100481,19/11/2025,C11130,P2534,Basketball,Sports,35.38,3,WELCOME5,5,Debit Card,London,ON,100.83
ON100500,19/11/2025,C12488,P8296,Cereal,Grocery,5.36,2,NO_COUPON,0,Credit Card,Cambridge,ON,10.72
ON100345,20/11/2025,C11948,P6422,Tea,Grocery,12.11,1,SAVE10,10,Credit Card,Markham,ON,10.9
ON100647,20/11/2025,C10107,P2638,Webcam,Electronics,74.6,6,NO_COUPON,0,Credit Card,Brampton,ON,447.6
ON100736,20/11/2025,C12494,P1049,Body Lotion,Beauty,29.36,8,NO_COUPON,0,Credit Card,Guelph,ON,234.88
ON100554,22/11/2025,C10062,P5439,Shampoo,Beauty,25.33,3,WELCOME5,5,Credit Card,Barrie,ON,72.19
ON100598,22/11/2025,C10504,P1091,Webcam,Electronics,231.78,4,SAVE15,15,Interac,Guelph,ON,788.05
ON100639,22/11/2025,C10888,P7029,Webcam,Electronics,78.65,2,SAVE10,10,Credit Card,Scarborough,ON,141.57
ON100917,23/11/2025,C10541,P4698,Coffee Maker,Home & Kitchen,65.13,2,SAVE10,10,Debit Card,Vaughan,ON,117.23
ON100532,24/11/2025,C11693,P8421,Coffee Maker,Home & Kitchen,119.43,3,WELCOME5,5,Credit Card,Vaughan,ON,340.38
ON100865,24/11/2025,C10017,P3158,Winter Jacket,Apparel,77.92,6,NO_COUPON,0,Credit Card,Mississauga,ON,467.52
ON100913,25/11/2025,C10980,P5113,Dumbbells,Sports,11.85,3,BOGO,20,PayPal,Markham,ON,28.44
ON100285,26/11/2025,C10576,P4471,Yoga Mat,Sports,12.47,2,BOGO,20,Debit Card,Hamilton,ON,19.95
ON100300,26/11/2025,C11627,P6587,T-Shirt,Apparel,212.03,4,NO_COUPON,0,Credit Card,Hamilton,ON,848.12
ON100903,26/11/2025,C11513,P4606,Coffee Beans,Grocery,18.09,3,FREESHIP,0,PayPal,London,ON,54.27
ON100291,27/11/2025,C10442,P2678,Winter Jacket,Apparel,19.95,2,SAVE15,15,Mobile Wallet,Kitchener,ON,33.92
ON100778,27/11/2025,C11414,P7795,Water Bottle,Home & Kitchen,34.39,3,SAVE10,10,Debit Card,London,ON,92.85
ON100795,27/11/2025,C11941,P6861,Jeans,Apparel,12.09,1,FREESHIP,0,Debit Card,Cambridge,ON,12.09
ON100028,28/11/2025,C11001,P1424,Winter Jacket,Apparel,159.71,2,BOGO,20,Credit Card,Markham,ON,255.54
ON100056,28/11/2025,C10205,P6192,Tea,Grocery,31.64,2,NO_COUPON,0,Debit Card,Vaughan,ON,63.28
ON100225,28/11/2025,C11188,P3421,Tea,Grocery,30.6,1,NO_COUPON,0,Debit Card,Barrie,ON,30.6
ON100325,28/11/2025,C11189,P9509,Hoodie,Apparel,37.76,3,SAVE15,15,Debit Card,Toronto,ON,96.29
ON100867,29/11/2025,C12246,P9236,Dumbbells,Sports,29.88,4,NO_COUPON,0,Debit Card,Toronto,ON,119.52
ON100968,29/11/2025,C12166,P6467,Bluetooth Speaker,Electronics,148.74,2,SAVE10,10,Credit Card,Brampton,ON,267.73
ON100977,30/11/2025,C11914,P5518,Running Shoes,Apparel,104.99,1,NO_COUPON,0,Credit Card,Vaughan,ON,104.99
ON100646,02/12/2025,C10235,P7516,Wireless Keyboard,Electronics,219.78,2,FREESHIP,0,PayPal,Barrie,ON,439.56
ON100751,02/12/2025,C11848,P7067,Jeans,Apparel,50.14,3,BOGO,20,Debit Card,Kitchener,ON,120.34
ON100033,03/12/2025,C12481,P4377,Baseball Cap,Apparel,60.65,2,NO_COUPON,0,Credit Card,Barrie,ON,121.3
ON100130,03/12/2025,C10041,P5420,Jeans,Apparel,25.39,1,NO_COUPON,0,Debit Card,Waterloo,ON,25.39
ON100303,03/12/2025,C11595,P6340,Wireless Mouse,Electronics,44.59,2,WELCOME5,5,PayPal,Markham,ON,84.72
ON100324,03/12/2025,C11336,P7473,Pasta,Grocery,11.32,4,NO_COUPON,0,Debit Card,Cambridge,ON,45.28
ON100744,03/12/2025,C10091,P2370,Jeans,Apparel,44.8,3,NO_COUPON,0,Mobile Wallet,Ottawa,ON,134.4
ON100111,04/12/2025,C11004,P2289,Jeans,Apparel,47.63,3,NO_COUPON,0,Credit Card,London,ON,142.89
ON100450,04/12/2025,C10996,P4979,Bluetooth Speaker,Electronics,65.27,2,NO_COUPON,0,Debit Card,Barrie,ON,130.54
ON100155,05/12/2025,C11954,P2824,Yoga Mat,Sports,55.21,4,NO_COUPON,0,Credit Card,Cambridge,ON,220.84
ON100988,05/12/2025,C10922,P4433,Jeans,Apparel,37.67,5,NO_COUPON,0,Mobile Wallet,Windsor,ON,188.35
ON100132,06/12/2025,C11935,P9350,Bluetooth Speaker,Electronics,191.61,4,SAVE10,10,PayPal,Scarborough,ON,689.8
ON100078,09/12/2025,C12024,P9846,Coffee Maker,Home & Kitchen,27.97,3,FREESHIP,0,Interac,Windsor,ON,83.91
ON100696,09/12/2025,C12287,P7665,Air Fryer,Home & Kitchen,10.16,3,NO_COUPON,0,PayPal,Scarborough,ON,30.48
ON100124,10/12/2025,C11621,P2548,Granola Bars,Grocery,12.68,1,NO_COUPON,0,Credit Card,Brampton,ON,12.68
ON100129,10/12/2025,C10712,P9734,USB-C Hub,Electronics,20.62,2,SAVE10,10,Debit Card,Waterloo,ON,37.12
ON100965,10/12/2025,C12341,P3930,Lip Balm,Beauty,11.68,1,SAVE10,10,Debit Card,Markham,ON,10.51
ON101014,10/12/2025,C10430,P4472,Webcam,Electronics,37.01,2,SAVE10,10,Debit Card,London,ON,66.62
ON100431,11/12/2025,C11085,P3711,Tea,Grocery,13.87,3,FREESHIP,0,Interac,Markham,ON,41.61
ON100114,12/12/2025,C10169,P6162,Olive Oil,Grocery,6.85,2,NO_COUPON,0,Credit Card,Waterloo,ON,13.7
ON100563,13/12/2025,C11849,P5944,Knife Set,Home & Kitchen,12.79,4,NO_COUPON,0,Credit Card,Toronto,ON,51.16
ON100284,14/12/2025,C10395,P9759,Water Bottle,Home & Kitchen,80.06,1,NO_COUPON,0,Credit Card,Brampton,ON,80.06
ON100698,14/12/2025,C11154,P9691,Jeans,Apparel,43.82,2,WELCOME5,5,PayPal,Hamilton,ON,83.26
ON100908,14/12/2025,C10283,P7698,Water Bottle,Home & Kitchen,26.44,3,NO_COUPON,0,Debit Card,Kitchener,ON,79.32
ON100963,14/12/2025,C10458,P2606,Running Shoes,Apparel,16.03,3,SAVE15,15,Mobile Wallet,Toronto,ON,40.88
ON100127,15/12/2025,C10415,P4222,Moisturizer,Beauty,6.53,3,NO_COUPON,0,Credit Card,Hamilton,ON,19.59
ON100528,17/12/2025,C10805,P1571,Blender,Home & Kitchen,48.75,2,FREESHIP,0,PayPal,Vaughan,ON,97.5
ON100916,17/12/2025,C11787,P1968,Webcam,Electronics,74.79,5,WELCOME5,5,Mobile Wallet,Vaughan,ON,355.25
ON100224,18/12/2025,C11869,P8503,USB-C Hub,Electronics,202.34,8,NO_COUPON,0,Credit Card,Hamilton,ON,1618.72
ON100590,18/12/2025,C11201,P6697,Storage Bin,Home & Kitchen,10.82,3,SAVE15,15,Debit Card,Ottawa,ON,27.59
ON100262,19/12/2025,C11094,P3226,Olive Oil,Grocery,17.71,5,NO_COUPON,0,Mobile Wallet,Barrie,ON,88.55
ON100418,19/12/2025,C11627,P5580,Coffee Maker,Home & Kitchen,18.56,3,FREESHIP,0,Credit Card,Cambridge,ON,55.68
ON100668,19/12/2025,C12360,P8207,Cereal,Grocery,13.12,1,SAVE15,15,Mobile Wallet,Waterloo,ON,11.15
ON100238,21/12/2025,C11872,P3514,Knife Set,Home & Kitchen,13.88,2,FREESHIP,0,PayPal,Barrie,ON,27.76
ON100256,23/12/2025,C12397,P3543,Olive Oil,Grocery,12.02,2,SAVE10,10,Credit Card,Cambridge,ON,21.64
ON100970,23/12/2025,C11759,P7195,T-Shirt,Apparel,59.24,3,SAVE15,15,Debit Card,Barrie,ON,151.06
ON100775,24/12/2025,C10547,P3884,Jeans,Apparel,88.97,3,SAVE10,10,Interac,London,ON,240.22
ON100951,24/12/2025,C10127,P8634,Coffee Beans,Grocery,6.34,3,NO_COUPON,0,Interac,Waterloo,ON,19.02
ON100966,24/12/2025,C11014,P1437,Blender,Home & Kitchen,44.19,3,NO_COUPON,0,Mobile Wallet,Cambridge,ON,132.57
ON100266,25/12/2025,C10346,P9478,Hair Dryer,Beauty,31.77,6,WELCOME5,5,Debit Card,Toronto,ON,181.09
ON100541,25/12/2025,C11871,P9023,Baseball Cap,Apparel,12.86,4,SAVE10,10,Debit Card,Windsor,ON,46.3
ON100688,25/12/2025,C10876,P7834,Wireless Mouse,Electronics,18.78,1,NO_COUPON,0,Debit Card,Barrie,ON,18.78
ON100901,26/12/2025,C10676,P4564,Fitness Tracker,Sports,14.53,5,SAVE15,15,Debit Card,Toronto,ON,61.75
ON100513,27/12/2025,C10791,P7701,Hoodie,Apparel,42.06,2,NO_COUPON,0,Debit Card,Vaughan,ON,84.12
ON100679,27/12/2025,C10678,P5124,Air Fryer,Home & Kitchen,8.65,2,NO_COUPON,0,Credit Card,London,ON,17.3
ON100462,28/12/2025,C10902,P5725,Wireless Mouse,Electronics,103.61,2,FREESHIP,0,Debit Card,London,ON,207.22
ON100449,29/12/2025,C11154,P3495,Yoga Mat,Sports,38.22,4,BOGO,20,Credit Card,London,ON,122.3
ON100656,29/12/2025,C11739,P5479,Pasta,Grocery,8.75,4,NO_COUPON,0,Interac,Toronto,ON,35
ON100388,30/12/2025,C10616,P4925,Body Lotion,Beauty,12.79,1,SAVE10,10,PayPal,Ottawa,ON,11.51
ON100524,30/12/2025,C10868,P1662,Body Lotion,Beauty,12.4,2,NO_COUPON,0,Credit Card,Ottawa,ON,24.8
ON100710,30/12/2025,C11697,P9350,Running Shoes,Apparel,107.39,3,NO_COUPON,0,Interac,Barrie,ON,322.17
ON100135,01/01/2026,C12029,P7733,Lip Balm,Beauty,11.83,4,SAVE10,10,Debit Card,Ottawa,ON,42.59
ON100952,01/01/2026,C10444,P1404,Webcam,Electronics,42.35,3,BOGO,20,Credit Card,London,ON,101.64
ON100487,02/01/2026,C10967,P2917,Body Lotion,Beauty,44.25,3,SAVE10,10,Credit Card,Cambridge,ON,119.48
ON100617,02/01/2026,C10369,P9458,Basketball,Sports,57.2,2,BOGO,20,Interac,Barrie,ON,91.52
ON100483,03/01/2026,C11654,P5354,Power Bank,Electronics,61.21,4,WELCOME5,5,Mobile Wallet,Brampton,ON,232.6
ON100838,03/01/2026,C12494,P1218,Power Bank,Electronics,84.63,5,FREESHIP,0,Debit Card,Brampton,ON,423.15
ON100189,04/01/2026,C10441,P1468,Olive Oil,Grocery,12.54,2,FREESHIP,0,Credit Card,Scarborough,ON,25.08
ON100941,06/01/2026,C11011,P4495,Basketball,Sports,131.61,4,NO_COUPON,0,PayPal,Mississauga,ON,526.44
ON100265,07/01/2026,C11656,P2833,Winter Jacket,Apparel,16.18,5,SAVE15,15,Mobile Wallet,Brampton,ON,68.76
ON100756,07/01/2026,C12463,P4444,Lip Balm,Beauty,18.04,4,SAVE15,15,Credit Card,Hamilton,ON,61.34
ON100884,07/01/2026,C12072,P3201,Wireless Keyboard,Electronics,54.5,5,NO_COUPON,0,Credit Card,Guelph,ON,272.5
ON100663,08/01/2026,C12356,P1503,Olive Oil,Grocery,22.36,3,NO_COUPON,0,Debit Card,Windsor,ON,67.08
ON100318,09/01/2026,C11264,P5924,Winter Jacket,Apparel,54.76,4,FREESHIP,0,Credit Card,Barrie,ON,219.04
ON100938,09/01/2026,C12141,P2929,Wireless Keyboard,Electronics,55,2,SAVE10,10,PayPal,London,ON,99
ON100594,10/01/2026,C11826,P1465,Baseball Cap,Apparel,108.62,4,NO_COUPON,0,Credit Card,Mississauga,ON,434.48
ON100692,10/01/2026,C12431,P8511,T-Shirt,Apparel,91.06,2,NO_COUPON,0,Interac,Markham,ON,182.12
ON100887,10/01/2026,C10027,P5430,USB-C Hub,Electronics,216.08,2,NO_COUPON,0,Interac,Hamilton,ON,432.16
ON100972,10/01/2026,C10207,P7581,T-Shirt,Apparel,80.68,6,WELCOME5,5,Debit Card,Vaughan,ON,459.88
ON100337,13/01/2026,C10208,P9780,Storage Bin,Home & Kitchen,144.37,6,WELCOME5,5,PayPal,Toronto,ON,822.91
ON100666,13/01/2026,C11089,P8646,Bluetooth Speaker,Electronics,49.3,2,WELCOME5,5,Debit Card,Waterloo,ON,93.67
ON100813,14/01/2026,C10281,P3771,Cereal,Grocery,22.88,3,SAVE15,15,Credit Card,Scarborough,ON,58.34
ON100981,15/01/2026,C10327,P1343,Coffee Maker,Home & Kitchen,82.86,1,NO_COUPON,0,Debit Card,Kitchener,ON,82.86
ON100236,16/01/2026,C11175,P5999,T-Shirt,Apparel,60.12,2,NO_COUPON,0,Interac,Windsor,ON,120.24
ON100241,17/01/2026,C12065,P3459,Bluetooth Speaker,Electronics,20.84,2,NO_COUPON,0,Credit Card,Brampton,ON,41.68
ON100592,17/01/2026,C11792,P3109,Webcam,Electronics,21.62,6,NO_COUPON,0,Credit Card,Kitchener,ON,129.72
ON100084,18/01/2026,C12442,P1628,Coffee Beans,Grocery,43.25,2,NO_COUPON,0,PayPal,London,ON,86.5
ON100188,18/01/2026,C12254,P4206,T-Shirt,Apparel,178.42,1,NO_COUPON,0,Credit Card,Kitchener,ON,178.42
ON100868,18/01/2026,C11235,P9024,Wireless Keyboard,Electronics,147.19,5,WELCOME5,5,Credit Card,Waterloo,ON,699.15
ON100039,19/01/2026,C11306,P8233,Knife Set,Home & Kitchen,14.54,3,NO_COUPON,0,Mobile Wallet,Mississauga,ON,43.62
ON100452,20/01/2026,C12219,P5714,Knife Set,Home & Kitchen,11.41,6,SAVE10,10,Interac,Kitchener,ON,61.61
ON100649,20/01/2026,C10074,P8916,Olive Oil,Grocery,10.17,5,NO_COUPON,0,Debit Card,Mississauga,ON,50.85
ON100128,21/01/2026,C12187,P4769,Tea,Grocery,46.89,5,SAVE15,15,Mobile Wallet,Ottawa,ON,199.28
ON100335,21/01/2026,C11904,P9777,Olive Oil,Grocery,6.87,4,NO_COUPON,0,Debit Card,Cambridge,ON,27.48
ON100469,21/01/2026,C11769,P2485,Water Bottle,Home & Kitchen,9.66,3,SAVE15,15,Interac,Ottawa,ON,24.63
ON100732,21/01/2026,C10401,P3608,Resistance Bands,Sports,39.25,2,SAVE10,10,Mobile Wallet,Ottawa,ON,70.65
ON100943,21/01/2026,C12458,P7084,Coffee Beans,Grocery,4.61,2,WELCOME5,5,PayPal,Guelph,ON,8.76
ON100098,22/01/2026,C12206,P7318,Pasta,Grocery,6,5,WELCOME5,5,Credit Card,Guelph,ON,28.5
ON100664,22/01/2026,C10365,P5118,Wireless Keyboard,Electronics,232.47,5,FREESHIP,0,Interac,Windsor,ON,1162.35
ON100771,22/01/2026,C11591,P1053,Baseball Cap,Apparel,152.87,2,NO_COUPON,0,Interac,Markham,ON,305.74
ON100906,22/01/2026,C12463,P4364,Blender,Home & Kitchen,15.1,5,NO_COUPON,0,Debit Card,Hamilton,ON,75.5
ON100608,24/01/2026,C10912,P7591,Winter Jacket,Apparel,81.2,3,BOGO,20,Credit Card,Toronto,ON,194.88
ON100593,25/01/2026,C11435,P3592,Power Bank,Electronics,114.18,2,WELCOME5,5,Credit Card,Vaughan,ON,216.94
ON100025,26/01/2026,C10145,P1425,Tea,Grocery,5.78,6,SAVE10,10,Debit Card,Windsor,ON,31.21
ON100562,26/01/2026,C11317,P7543,Knife Set,Home & Kitchen,16.76,3,NO_COUPON,0,PayPal,Guelph,ON,50.28
ON100969,29/01/2026,C12006,P2592,Dumbbells,Sports,112.46,4,WELCOME5,5,Credit Card,Cambridge,ON,427.35
ON100240,30/01/2026,C12408,P7788,Fitness Tracker,Sports,12.11,5,WELCOME5,5,Debit Card,Windsor,ON,57.52
ON100812,30/01/2026,C10273,P4340,USB-C Hub,Electronics,183.59,5,NO_COUPON,0,Credit Card,Scarborough,ON,917.95
ON100920,30/01/2026,C12133,P6916,Hoodie,Apparel,13.27,3,NO_COUPON,0,Debit Card,Brampton,ON,39.81
ON100495,31/01/2026,C10918,P9951,Baseball Cap,Apparel,40.74,3,NO_COUPON,0,Mobile Wallet,Waterloo,ON,122.22
ON100760,31/01/2026,C11521,P4822,Power Bank,Electronics,131.83,4,SAVE10,10,Credit Card,Hamilton,ON,474.59
ON100643,01/02/2026,C10525,P8125,Wireless Mouse,Electronics,227.81,18,BOGO,20,Debit Card,Ottawa,ON,3280.46
ON100971,01/02/2026,C10211,P1510,Resistance Bands,Sports,52.47,2,NO_COUPON,0,Credit Card,Brampton,ON,104.94
ON100002,02/02/2026,C12274,P7989,Pasta,Grocery,6.04,7,NO_COUPON,0,Interac,Toronto,ON,42.28
ON100121,02/02/2026,C11176,P2314,Olive Oil,Grocery,33.5,7,FREESHIP,0,PayPal,Kitchener,ON,234.5
ON100830,03/02/2026,C10835,P9939,Coffee Maker,Home & Kitchen,23.89,4,SAVE15,15,Debit Card,London,ON,81.23
ON100719,04/02/2026,C11078,P3232,Air Fryer,Home & Kitchen,14.8,2,SAVE15,15,Debit Card,Guelph,ON,25.16
ON100251,05/02/2026,C11329,P4571,Webcam,Electronics,26.87,4,NO_COUPON,0,Credit Card,Guelph,ON,107.48
ON100311,05/02/2026,C11205,P8113,Tea,Grocery,4.2,3,NO_COUPON,0,Debit Card,Markham,ON,12.6
ON100153,06/02/2026,C10365,P2561,Wireless Mouse,Electronics,21.94,4,NO_COUPON,0,Interac,Vaughan,ON,87.76
ON100366,06/02/2026,C12206,P7217,Running Shoes,Apparel,33.1,4,SAVE10,10,Interac,Toronto,ON,119.16
ON100233,07/02/2026,C11705,P9414,Air Fryer,Home & Kitchen,14.4,1,NO_COUPON,0,Debit Card,Markham,ON,14.4
ON100440,07/02/2026,C12068,P3122,Running Shoes,Apparel,25.46,4,NO_COUPON,0,PayPal,Brampton,ON,101.84
ON100473,07/02/2026,C10038,P6834,Face Cleanser,Beauty,33.9,4,BOGO,20,Credit Card,Toronto,ON,108.48
ON100106,08/02/2026,C10535,P8995,Winter Jacket,Apparel,121.27,5,NO_COUPON,0,Credit Card,Ottawa,ON,606.35
ON100159,08/02/2026,C10665,P8864,Dumbbells,Sports,81.55,4,SAVE15,15,Credit Card,Brampton,ON,277.27
ON100306,09/02/2026,C10610,P7032,Shampoo,Beauty,15.14,3,FREESHIP,0,Debit Card,Barrie,ON,45.42
ON100807,09/02/2026,C11938,P8629,Air Fryer,Home & Kitchen,37.6,4,NO_COUPON,0,PayPal,Vaughan,ON,150.4
ON100810,09/02/2026,C10338,P5337,Running Shoes,Apparel,15.18,4,FREESHIP,0,Debit Card,Vaughan,ON,60.72
ON100120,10/02/2026,C11016,P2571,Granola Bars,Grocery,20.37,1,WELCOME5,5,Mobile Wallet,Mississauga,ON,19.35
ON100079,11/02/2026,C10556,P1581,Tea,Grocery,5.77,1,WELCOME5,5,Credit Card,Scarborough,ON,5.48
ON100847,11/02/2026,C11603,P5131,Hoodie,Apparel,20.48,2,SAVE10,10,Credit Card,Markham,ON,36.86
ON100279,12/02/2026,C12262,P1329,Webcam,Electronics,78.25,3,NO_COUPON,0,Credit Card,Scarborough,ON,234.75
ON100632,12/02/2026,C10872,P3894,Fitness Tracker,Sports,97.24,2,NO_COUPON,0,Mobile Wallet,Mississauga,ON,194.48
ON100725,12/02/2026,C10697,P5879,Knife Set,Home & Kitchen,29.81,2,NO_COUPON,0,Credit Card,Markham,ON,59.62
ON100307,13/02/2026,C12448,P9880,Granola Bars,Grocery,35.11,2,NO_COUPON,0,Debit Card,Cambridge,ON,70.22
ON100048,16/02/2026,C11390,P1038,Hair Dryer,Beauty,12.07,1,NO_COUPON,0,Mobile Wallet,Cambridge,ON,12.07
ON100253,16/02/2026,C11568,P5378,Air Fryer,Home & Kitchen,76.41,4,SAVE10,10,Credit Card,Brampton,ON,275.08
ON100410,16/02/2026,C12225,P1286,Cereal,Grocery,30.67,5,SAVE15,15,Debit Card,Brampton,ON,130.35
ON100701,17/02/2026,C10725,P4399,Shampoo,Beauty,18.23,3,NO_COUPON,0,Debit Card,Kitchener,ON,54.69
ON100543,18/02/2026,C12329,P9983,Yoga Mat,Sports,19.96,5,NO_COUPON,0,Debit Card,Brampton,ON,99.8
ON100815,18/02/2026,C11990,P9180,Winter Jacket,Apparel,80.13,4,BOGO,20,Mobile Wallet,Brampton,ON,256.42
ON100059,19/02/2026,C10702,P3736,Water Bottle Sport,Sports,29.86,2,NO_COUPON,0,Debit Card,Toronto,ON,59.72
ON100097,19/02/2026,C10743,P4562,Storage Bin,Home & Kitchen,19.6,3,BOGO,20,Credit Card,Markham,ON,47.04
ON100187,20/02/2026,C11049,P7307,Storage Bin,Home & Kitchen,37.85,2,SAVE10,10,Credit Card,Mississauga,ON,68.13
ON100801,20/02/2026,C10636,P6456,Olive Oil,Grocery,15.99,26,FREESHIP,0,Mobile Wallet,Cambridge,ON,415.74
ON100074,21/02/2026,C11947,P7173,Hoodie,Apparel,123.94,3,BOGO,20,Mobile Wallet,Vaughan,ON,297.46
ON100607,21/02/2026,C10030,P7662,T-Shirt,Apparel,65.41,3,WELCOME5,5,Credit Card,London,ON,186.42
ON100627,21/02/2026,C10608,P7740,T-Shirt,Apparel,35.55,1,NO_COUPON,0,Credit Card,Brampton,ON,35.55
ON100777,21/02/2026,C10988,P4810,Water Bottle,Home & Kitchen,100.34,4,NO_COUPON,0,Debit Card,Kitchener,ON,401.36
ON100580,23/02/2026,C10969,P5751,Cereal,Grocery,7.83,5,NO_COUPON,0,PayPal,Kitchener,ON,39.15
ON100927,24/02/2026,C11814,P7805,Power Bank,Electronics,47.73,5,FREESHIP,0,Debit Card,Toronto,ON,238.65
ON100416,26/02/2026,C12112,P6163,Pasta,Grocery,9.4,2,NO_COUPON,0,Credit Card,Markham,ON,18.8
ON100657,26/02/2026,C10275,P5576,Running Shoes,Apparel,74.16,2,NO_COUPON,0,Credit Card,Windsor,ON,148.32
ON100172,27/02/2026,C10612,P5174,T-Shirt,Apparel,62.77,3,FREESHIP,0,Credit Card,Markham,ON,188.31
ON100180,27/02/2026,C10757,P2139,Body Lotion,Beauty,18.57,5,NO_COUPON,0,Credit Card,Cambridge,ON,92.85
ON100007,28/02/2026,C10959,P2288,Bluetooth Speaker,Electronics,41.61,1,NO_COUPON,0,Mobile Wallet,Brampton,ON,41.61
ON100854,28/02/2026,C10290,P8230,Resistance Bands,Sports,151.6,1,NO_COUPON,0,PayPal,Waterloo,ON,151.6
ON100863,28/02/2026,C11647,P6566,Hoodie,Apparel,46.11,1,SAVE10,10,Credit Card,Barrie,ON,41.5
ON100200,01/03/2026,C12034,P7630,Wireless Keyboard,Electronics,140.4,4,BOGO,20,Debit Card,London,ON,449.28
ON100918,01/03/2026,C11175,P2063,Yoga Mat,Sports,15.78,2,SAVE10,10,Interac,Markham,ON,28.4
ON100042,02/03/2026,C10447,P6206,Baseball Cap,Apparel,18.03,4,SAVE15,15,Credit Card,Markham,ON,61.3
ON100085,02/03/2026,C10685,P7652,Resistance Bands,Sports,122.52,1,FREESHIP,0,PayPal,Waterloo,ON,122.52
ON100967,03/03/2026,C10263,P5861,Shampoo,Beauty,9.34,3,SAVE10,10,Credit Card,Kitchener,ON,25.22
ON100219,04/03/2026,C12359,P3183,Water Bottle,Home & Kitchen,146.08,2,FREESHIP,0,Debit Card,Markham,ON,292.16
ON100108,05/03/2026,C10969,P1757,T-Shirt,Apparel,173.24,2,FREESHIP,0,Debit Card,Ottawa,ON,346.48
ON100534,07/03/2026,C11854,P8286,Wireless Keyboard,Electronics,21.65,4,NO_COUPON,0,Interac,Kitchener,ON,86.6
ON100880,07/03/2026,C10912,P5720,Fitness Tracker,Sports,90.41,4,NO_COUPON,0,Credit Card,Scarborough,ON,361.64
ON100892,07/03/2026,C11945,P3627,Tea,Grocery,6.67,3,NO_COUPON,0,Mobile Wallet,Hamilton,ON,20.01
ON100424,11/03/2026,C12041,P3360,Coffee Beans,Grocery,8.35,4,NO_COUPON,0,Debit Card,Windsor,ON,33.4
ON100014,12/03/2026,C12373,P5227,Olive Oil,Grocery,37.37,2,NO_COUPON,0,PayPal,London,ON,74.74
ON100174,12/03/2026,C10984,P7385,Water Bottle Sport,Sports,62.4,2,SAVE10,10,Debit Card,Brampton,ON,112.32
ON100208,12/03/2026,C11252,P1308,Bluetooth Speaker,Electronics,33.33,2,SAVE15,15,Credit Card,Brampton,ON,56.66
ON100763,12/03/2026,C11191,P3830,Storage Bin,Home & Kitchen,12.9,3,NO_COUPON,0,Debit Card,Hamilton,ON,38.7
ON100232,13/03/2026,C10862,P5090,Pasta,Grocery,4.34,5,SAVE15,15,Debit Card,Markham,ON,18.44
ON100389,13/03/2026,C10094,P2204,Hoodie,Apparel,13.2,1,SAVE10,10,Debit Card,Ottawa,ON,11.88
ON100716,14/03/2026,C10994,P1983,Hair Dryer,Beauty,23.41,3,NO_COUPON,0,Credit Card,Vaughan,ON,70.23
ON100171,15/03/2026,C10544,P6866,Granola Bars,Grocery,42.31,2,SAVE10,10,Debit Card,Windsor,ON,76.16
ON100221,15/03/2026,C10492,P3219,Air Fryer,Home & Kitchen,106.96,3,WELCOME5,5,Credit Card,Windsor,ON,304.84
ON100687,15/03/2026,C10957,P4237,Wireless Mouse,Electronics,103.48,2,NO_COUPON,0,PayPal,Waterloo,ON,206.96
ON100782,15/03/2026,C10735,P8106,Storage Bin,Home & Kitchen,17.28,2,NO_COUPON,0,Interac,Toronto,ON,34.56
ON100455,16/03/2026,C10231,P1348,Webcam,Electronics,46.47,3,NO_COUPON,0,Credit Card,Toronto,ON,139.41
ON100672,16/03/2026,C11690,P7060,Hair Dryer,Beauty,87.43,2,SAVE15,15,Interac,Guelph,ON,148.63
ON100667,17/03/2026,C10080,P9004,Power Bank,Electronics,18.61,1,SAVE15,15,Credit Card,Markham,ON,15.82
ON100313,18/03/2026,C11621,P9238,Hair Dryer,Beauty,8.87,4,BOGO,20,Mobile Wallet,Waterloo,ON,28.38
ON100703,18/03/2026,C10524,P8256,Power Bank,Electronics,102.81,3,NO_COUPON,15,PayPal,Toronto,ON,262.17
ON100720,19/03/2026,C10312,P7304,Jeans,Apparel,131.5,4,NO_COUPON,0,Credit Card,Waterloo,ON,526
ON100749,19/03/2026,C11533,P4774,Bluetooth Speaker,Electronics,51.9,3,SAVE10,10,Interac,Guelph,ON,140.13
ON100312,20/03/2026,C11394,P1741,Blender,Home & Kitchen,36.7,3,NO_COUPON,0,Debit Card,Barrie,ON,110.1
ON100726,20/03/2026,C10428,P6159,Power Bank,Electronics,44.94,4,WELCOME5,5,PayPal,Markham,ON,170.77
ON101018,20/03/2026,C12218,P9184,Hoodie,Apparel,43.92,5,FREESHIP,0,Interac,Toronto,ON,219.6
ON100874,22/03/2026,C10936,P6435,Coffee Beans,Grocery,8.97,3,SAVE10,10,Debit Card,London,ON,24.22
ON100994,22/03/2026,C10034,P9701,Wireless Mouse,Electronics,49.39,5,NO_COUPON,0,Mobile Wallet,Cambridge,ON,246.95
ON100012,23/03/2026,C12407,P7103,Water Bottle,Home & Kitchen,144.75,4,FREESHIP,0,Debit Card,Kitchener,ON,579
ON100550,23/03/2026,C10294,P9218,Face Cleanser,Beauty,69.4,3,FREESHIP,0,PayPal,Windsor,ON,208.2
ON100653,23/03/2026,C10087,P9059,Knife Set,Home & Kitchen,16.2,4,NO_COUPON,0,Debit Card,Hamilton,ON,64.8
ON100211,24/03/2026,C11870,P4645,Running Shoes,Apparel,142.1,6,NO_COUPON,0,Credit Card,Waterloo,ON,852.6
ON100371,24/03/2026,C11969,P2955,Wireless Keyboard,Electronics,199.12,2,NO_COUPON,0,Interac,London,ON,398.24
ON100622,24/03/2026,C11547,P9542,Body Lotion,Beauty,65.27,3,SAVE10,10,Credit Card,Vaughan,ON,176.23
ON100746,24/03/2026,C11068,P5030,Resistance Bands,Sports,52.86,5,NO_COUPON,0,Credit Card,Mississauga,ON,264.3
ON100987,24/03/2026,C12173,P4901,Tea,Grocery,7.75,2,NO_COUPON,0,Mobile Wallet,Vaughan,ON,15.5
ON100426,25/03/2026,C10759,P5872,Running Shoes,Apparel,131.82,4,SAVE15,15,Debit Card,Markham,ON,448.19
ON100465,25/03/2026,C12270,P9614,Tea,Grocery,38.38,6,SAVE10,10,Mobile Wallet,Cambridge,ON,207.25
ON100595,25/03/2026,C12351,P2368,Lip Balm,Beauty,59.11,3,FREESHIP,0,Credit Card,Markham,ON,177.33
ON100728,25/03/2026,C11693,P1250,Storage Bin,Home & Kitchen,10.34,2,NO_COUPON,0,Debit Card,Markham,ON,20.68
ON100793,25/03/2026,C10068,P7102,Storage Bin,Home & Kitchen,12.24,6,SAVE15,15,Debit Card,Mississauga,ON,62.42
ON100058,28/03/2026,C11621,P4596,T-Shirt,Apparel,105.42,5,BOGO,20,Interac,Hamilton,ON,421.68
ON100061,29/03/2026,C12346,P9794,Granola Bars,Grocery,9.89,3,NO_COUPON,0,Mobile Wallet,Guelph,ON,29.67
ON100505,29/03/2026,C12303,P6966,Resistance Bands,Sports,11.23,4,NO_COUPON,0,Credit Card,Scarborough,ON,44.92
ON100866,29/03/2026,C10739,P9609,Fitness Tracker,Sports,22.18,3,WELCOME5,5,Debit Card,Vaughan,ON,63.21
ON100372,30/03/2026,C10914,P2860,Moisturizer,Beauty,6.68,6,NO_COUPON,0,PayPal,Cambridge,ON,40.08
ON100385,30/03/2026,C11818,P2440,Wireless Keyboard,Electronics,214.33,3,WELCOME5,5,Mobile Wallet,Scarborough,ON,610.84
ON100354,31/03/2026,C11493,P1738,Webcam,Electronics,69.25,2,BOGO,20,PayPal,Markham,ON,110.8
ON100457,31/03/2026,C11384,P3630,Blender,Home & Kitchen,14.46,5,NO_COUPON,0,Debit Card,Toronto,ON,72.3
ON100883,31/03/2026,C10427,P7631,Jeans,Apparel,30.24,3,NO_COUPON,0,Debit Card,London,ON,90.72
ON100486,03/04/2026,C10223,P7074,Power Bank,Electronics,69.83,4,SAVE10,10,Interac,Brampton,ON,251.39
ON100243,05/04/2026,C11762,P5976,Olive Oil,Grocery,35.43,4,WELCOME5,5,Credit Card,Toronto,ON,134.63
ON100041,06/04/2026,C11260,P1012,Face Cleanser,Beauty,12.46,1,NO_COUPON,0,Credit Card,London,ON,12.46
ON100230,06/04/2026,C10018,P6271,Jeans,Apparel,106.06,1,SAVE10,10,Interac,Guelph,ON,95.45
ON100050,07/04/2026,C10226,P8524,Wireless Keyboard,Electronics,49.43,3,WELCOME5,5,Credit Card,Toronto,ON,140.88
ON100013,08/04/2026,C11480,P9747,Body Lotion,Beauty,23.74,4,SAVE15,15,Credit Card,London,ON,80.72
ON100731,08/04/2026,C10661,P9136,Fitness Tracker,Sports,46.37,5,SAVE10,10,Debit Card,Scarborough,ON,208.66
ON100203,09/04/2026,C11760,P4898,T-Shirt,Apparel,18.8,4,NO_COUPON,0,Mobile Wallet,Ottawa,ON,75.2
ON100704,09/04/2026,C11019,P8835,Knife Set,Home & Kitchen,20.07,2,NO_COUPON,0,Mobile Wallet,Guelph,ON,40.14
ON100126,10/04/2026,C11374,P5180,Blender,Home & Kitchen,118.27,1,SAVE15,15,Debit Card,Brampton,ON,100.53
ON100482,10/04/2026,C12481,P5693,Knife Set,Home & Kitchen,172.7,3,NO_COUPON,0,Credit Card,Mississauga,ON,518.1
ON100417,11/04/2026,C10556,P1934,Granola Bars,Grocery,10.33,4,SAVE10,10,Debit Card,Markham,ON,37.19
ON100648,11/04/2026,C11836,P2314,Cereal,Grocery,11.52,3,NO_COUPON,0,Credit Card,Guelph,ON,34.56
ON100088,12/04/2026,C10375,P5022,Tea,Grocery,7.3,3,NO_COUPON,0,Credit Card,Cambridge,ON,21.9
ON100315,12/04/2026,C10381,P3594,Coffee Maker,Home & Kitchen,9.27,2,NO_COUPON,0,PayPal,Waterloo,ON,18.54
ON100636,13/04/2026,C12397,P1219,Bluetooth Speaker,Electronics,20.62,4,SAVE10,10,Mobile Wallet,Guelph,ON,74.23
ON100897,13/04/2026,C10896,P9762,Wireless Mouse,Electronics,43.34,4,NO_COUPON,0,PayPal,Hamilton,ON,173.36
ON100170,14/04/2026,C11880,P5725,Basketball,Sports,76.02,6,FREESHIP,0,Debit Card,Mississauga,ON,456.12
ON100364,14/04/2026,C10967,P2909,Moisturizer,Beauty,38.69,2,SAVE10,10,Credit Card,Windsor,ON,69.64
ON100852,14/04/2026,C12274,P6789,Blender,Home & Kitchen,19.28,1,NO_COUPON,0,Interac,London,ON,19.28
ON100001,15/04/2026,C10657,P9544,Power Bank,Electronics,59.58,1,SAVE15,15,Interac,Barrie,ON,50.64
ON100723,16/04/2026,C11805,P2056,Tea,Grocery,5.83,3,NO_COUPON,0,PayPal,Windsor,ON,17.49
ON100396,17/04/2026,C11764,P9395,Resistance Bands,Sports,184.93,7,BOGO,20,Debit Card,Waterloo,ON,1035.61
ON100824,17/04/2026,C10406,P9457,Coffee Beans,Grocery,26.9,2,NO_COUPON,0,PayPal,Scarborough,ON,53.8
ON100049,18/04/2026,C11372,P6250,Pasta,Grocery,28.65,5,NO_COUPON,0,Debit Card,Ottawa,ON,143.25
ON100206,18/04/2026,C10922,P1496,Resistance Bands,Sports,66.13,3,NO_COUPON,0,Credit Card,Waterloo,ON,198.39
ON100803,18/04/2026,C10592,P1781,T-Shirt,Apparel,19.96,3,SAVE10,10,Debit Card,Vaughan,ON,53.89
ON100105,19/04/2026,C11402,P2855,Basketball,Sports,46.66,3,SAVE10,10,Credit Card,Hamilton,ON,125.98
ON100110,19/04/2026,C12134,P7274,USB-C Hub,Electronics,98.95,1,NO_COUPON,0,Credit Card,Windsor,ON,98.95
ON100591,19/04/2026,C10637,P4840,Basketball,Sports,141.66,4,NO_COUPON,0,Interac,Scarborough,ON,566.64
ON100755,19/04/2026,C10320,P4139,Water Bottle,Home & Kitchen,54.16,3,NO_COUPON,0,Credit Card,Waterloo,ON,162.48
ON100024,20/04/2026,C12241,P6409,Running Shoes,Apparel,16.46,3,FREESHIP,0,PayPal,Barrie,ON,49.38
ON100794,20/04/2026,C10073,P1015,Yoga Mat,Sports,138.61,5,WELCOME5,5,Credit Card,London,ON,658.4
ON100157,21/04/2026,C11769,P4110,Body Lotion,Beauty,68.61,3,SAVE10,10,Debit Card,Vaughan,ON,185.25
ON100274,21/04/2026,C11965,P5793,Running Shoes,Apparel,176.86,3,NO_COUPON,0,Credit Card,London,ON,530.58
ON100605,21/04/2026,C11703,P1292,Olive Oil,Grocery,15.82,3,WELCOME5,5,Interac,Windsor,ON,45.09
ON100680,21/04/2026,C11129,P1432,Face Cleanser,Beauty,21.6,6,SAVE10,10,Credit Card,Scarborough,ON,116.64
ON100904,21/04/2026,C11075,P1765,Running Shoes,Apparel,211.65,2,NO_COUPON,0,Debit Card,Cambridge,ON,423.3
ON100470,22/04/2026,C10913,P6661,USB-C Hub,Electronics,35.52,2,NO_COUPON,0,Credit Card,Brampton,ON,71.04
ON100940,22/04/2026,C10117,P4379,Running Shoes,Apparel,194.53,3,NO_COUPON,0,Debit Card,Barrie,ON,583.59
ON100015,23/04/2026,C10883,P7719,Water Bottle,Home & Kitchen,179.35,3,SAVE10,10,Credit Card,Windsor,ON,484.24
ON100104,23/04/2026,C10518,P7936,Winter Jacket,Apparel,86.22,5,BOGO,20,Mobile Wallet,Toronto,ON,344.88
ON100245,23/04/2026,C12183,P2598,Wireless Mouse,Electronics,59.02,3,NO_COUPON,0,Credit Card,Vaughan,ON,177.06
ON100975,23/04/2026,C11330,P2767,Hair Dryer,Beauty,59.27,5,WELCOME5,5,PayPal,Brampton,ON,281.53
ON100209,24/04/2026,C10669,P4067,Storage Bin,Home & Kitchen,134.24,7,NO_COUPON,0,Credit Card,Hamilton,ON,939.68
ON100257,27/04/2026,C12353,P2295,Bluetooth Speaker,Electronics,47.03,3,FREESHIP,0,Mobile Wallet,Waterloo,ON,141.09
ON100552,27/04/2026,C10519,P6735,Baseball Cap,Apparel,25.81,2,SAVE15,15,Mobile Wallet,Kitchener,ON,43.88
ON100630,27/04/2026,C12181,P3082,Tea,Grocery,8.03,5,NO_COUPON,0,Debit Card,Guelph,ON,40.15
ON100070,28/04/2026,C10369,P4122,Blender,Home & Kitchen,14.94,2,FREESHIP,0,Credit Card,Mississauga,ON,29.88
ON100133,28/04/2026,C10968,P1335,Winter Jacket,Apparel,22.49,4,NO_COUPON,0,Interac,Scarborough,ON,89.96
ON100682,28/04/2026,C10920,P9379,Cereal,Grocery,21.58,3,NO_COUPON,0,Credit Card,Cambridge,ON,64.74
ON100734,28/04/2026,C12257,P2267,Bluetooth Speaker,Electronics,30.57,4,NO_COUPON,0,Interac,Mississauga,ON,122.28
ON100103,29/04/2026,C10802,P1350,Cereal,Grocery,6.15,2,NO_COUPON,0,Debit Card,Toronto,ON,12.3
ON100478,29/04/2026,C10663,P4269,Hoodie,Apparel,54.77,4,SAVE10,10,Credit Card,Mississauga,ON,197.17
ON100706,01/05/2026,C10814,P3509,Moisturizer,Beauty,18.46,3,SAVE10,10,PayPal,Markham,ON,49.84
ON100997,01/05/2026,C11364,P2796,Yoga Mat,Sports,19.69,3,SAVE10,10,Debit Card,Waterloo,ON,53.16
ON100584,02/05/2026,C12426,P4297,Air Fryer,Home & Kitchen,36.46,4,NO_COUPON,0,Credit Card,Guelph,ON,145.84
ON100589,02/05/2026,C10427,P8913,Webcam,Electronics,30.54,2,FREESHIP,0,Credit Card,Scarborough,ON,61.08
ON100677,02/05/2026,C11157,P1701,Pasta,Grocery,47.56,1,NO_COUPON,0,Interac,Guelph,ON,47.56
ON100840,02/05/2026,C11938,P2623,Baseball Cap,Apparel,86.6,2,SAVE15,15,Debit Card,Toronto,ON,147.22
ON100848,02/05/2026,C11982,P4453,Baseball Cap,Apparel,13.68,1,NO_COUPON,0,Debit Card,Waterloo,ON,13.68
ON100544,03/05/2026,C10839,P2232,Moisturizer,Beauty,19.47,3,BOGO,20,Credit Card,London,ON,46.73
ON100091,04/05/2026,C11832,P6086,Cereal,Grocery,29.07,4,NO_COUPON,0,Mobile Wallet,Ottawa,ON,116.28
ON100422,04/05/2026,C11778,P8341,Wireless Mouse,Electronics,35.79,3,NO_COUPON,0,Credit Card,Barrie,ON,107.37
ON100466,04/05/2026,C10278,P9271,Jeans,Apparel,30.45,3,FREESHIP,0,PayPal,Guelph,ON,91.35
ON100645,04/05/2026,C10088,P8455,Cereal,Grocery,3.5,3,WELCOME5,5,Debit Card,Mississauga,ON,9.98
ON100223,06/05/2026,C12253,P4295,Bluetooth Speaker,Electronics,250.21,4,FREESHIP,0,Interac,Hamilton,ON,1000.84
ON100287,06/05/2026,C10015,P4104,Power Bank,Electronics,63.56,3,NO_COUPON,0,PayPal,Hamilton,ON,190.68
ON100330,06/05/2026,C12069,P9990,Body Lotion,Beauty,19.21,4,NO_COUPON,0,Credit Card,Guelph,ON,76.84
ON100825,06/05/2026,C10343,P7325,T-Shirt,Apparel,33.67,3,SAVE15,15,Interac,Guelph,ON,85.86
ON100986,06/05/2026,C11971,P3797,Winter Jacket,Apparel,15.66,2,FREESHIP,0,Interac,Ottawa,ON,31.32
ON100873,09/05/2026,C12408,P9076,Dumbbells,Sports,12.08,5,NO_COUPON,0,Debit Card,Barrie,ON,60.4
ON100163,10/05/2026,C11332,P9599,Bluetooth Speaker,Electronics,36.11,3,BOGO,20,PayPal,Scarborough,ON,86.66
ON100507,11/05/2026,C11383,P1203,Body Lotion,Beauty,6.08,2,NO_COUPON,0,Mobile Wallet,Scarborough,ON,12.16
ON100730,11/05/2026,C10062,P9619,Storage Bin,Home & Kitchen,56.91,4,SAVE10,10,PayPal,Barrie,ON,204.88
ON100837,13/05/2026,C12262,P6789,Coffee Beans,Grocery,53.18,4,SAVE15,15,Mobile Wallet,Scarborough,ON,180.81
ON100855,13/05/2026,C10612,P1343,Jeans,Apparel,27.72,7,BOGO,20,PayPal,Kitchener,ON,155.23
ON100147,14/05/2026,C10694,P4721,Coffee Maker,Home & Kitchen,133.03,3,NO_COUPON,0,Credit Card,Kitchener,ON,399.09
ON101010,14/05/2026,C10636,P5803,Winter Jacket,Apparel,116.98,2,NO_COUPON,0,Credit Card,Mississauga,ON,233.96
ON100027,15/05/2026,C10222,P4921,Power Bank,Electronics,256.43,3,NO_COUPON,0,Debit Card,Markham,ON,769.29
ON100517,16/05/2026,C10676,P6427,T-Shirt,Apparel,20.3,3,FREESHIP,0,Interac,Scarborough,ON,60.9
ON100297,17/05/2026,C10539,P9955,USB-C Hub,Electronics,34.32,1,FREESHIP,0,Mobile Wallet,Mississauga,ON,34.32
ON100427,17/05/2026,C10654,P1006,Jeans,Apparel,25.32,2,WELCOME5,5,Debit Card,Markham,ON,48.11
ON100597,17/05/2026,C10852,P2264,Basketball,Sports,25.84,2,WELCOME5,5,Credit Card,Barrie,ON,49.1
ON100783,17/05/2026,C11848,P4884,Knife Set,Home & Kitchen,17.41,2,SAVE15,15,Credit Card,Mississauga,ON,29.6
ON100037,18/05/2026,C10120,P4779,Wireless Mouse,Electronics,52.78,2,NO_COUPON,0,Credit Card,Scarborough,ON,105.56
ON100546,18/05/2026,C11167,P7518,Hair Dryer,Beauty,23.92,3,NO_COUPON,0,Mobile Wallet,Guelph,ON,71.76
ON100328,19/05/2026,C10976,P4219,Resistance Bands,Sports,10.66,2,SAVE10,10,PayPal,Guelph,ON,19.19
ON100476,19/05/2026,C10164,P1184,Knife Set,Home & Kitchen,26.02,4,SAVE10,10,Debit Card,Vaughan,ON,93.67
ON100382,20/05/2026,C12433,P7506,T-Shirt,Apparel,56.6,4,SAVE10,10,Debit Card,London,ON,203.76
ON100538,20/05/2026,C12047,P3934,Shampoo,Beauty,7.21,1,NO_COUPON,0,Debit Card,Ottawa,ON,7.21
ON100083,21/05/2026,C10440,P8080,T-Shirt,Apparel,117,1,NO_COUPON,0,PayPal,Kitchener,ON,117
ON100089,21/05/2026,C10639,P1243,Tea,Grocery,18.15,3,NO_COUPON,0,PayPal,Scarborough,ON,54.45
ON100100,21/05/2026,C12392,P8348,Storage Bin,Home & Kitchen,49.08,4,BOGO,20,Debit Card,Brampton,ON,157.06
ON100575,21/05/2026,C12058,P6126,Coffee Maker,Home & Kitchen,51.24,4,NO_COUPON,0,Debit Card,Cambridge,ON,204.96
ON100603,22/05/2026,C12274,P9295,Hair Dryer,Beauty,10.49,3,NO_COUPON,0,Credit Card,Toronto,ON,31.47
ON100804,23/05/2026,C11863,P1071,Hoodie,Apparel,34.25,2,SAVE15,15,Credit Card,Mississauga,ON,58.22
ON100582,24/05/2026,C11392,P9831,Wireless Keyboard,Electronics,242.94,2,NO_COUPON,0,Debit Card,Waterloo,ON,485.88
ON100856,24/05/2026,C10763,P8133,Cereal,Grocery,3.51,5,NO_COUPON,0,Credit Card,Ottawa,ON,17.55
ON101001,24/05/2026,C11399,P6364,Wireless Mouse,Electronics,98.24,2,SAVE10,10,Credit Card,Markham,ON,176.83
ON100018,25/05/2026,C12159,P5684,Water Bottle,Home & Kitchen,33.6,2,SAVE15,15,Interac,Hamilton,ON,57.12
ON100948,25/05/2026,C12480,P2087,Body Lotion,Beauty,54.27,3,BOGO,20,Interac,Barrie,ON,130.25
ON100092,26/05/2026,C11494,P5614,T-Shirt,Apparel,99.84,23,NO_COUPON,0,Credit Card,Scarborough,ON,2296.32
ON100453,26/05/2026,C10787,P1241,Coffee Maker,Home & Kitchen,144.58,4,NO_COUPON,0,Debit Card,Scarborough,ON,578.32
ON100506,26/05/2026,C12143,P2083,T-Shirt,Apparel,13.61,4,WELCOME5,5,Debit Card,Guelph,ON,51.72
ON101009,27/05/2026,C10263,P7305,Air Fryer,Home & Kitchen,10.84,4,NO_COUPON,0,Mobile Wallet,London,ON,43.36
ON100583,28/05/2026,C10674,P2808,Power Bank,Electronics,54.8,5,NO_COUPON,0,Credit Card,Barrie,ON,274
ON100713,28/05/2026,C10976,P1659,Coffee Maker,Home & Kitchen,16.5,4,WELCOME5,5,Mobile Wallet,Vaughan,ON,62.7
ON100355,29/05/2026,C12440,P2338,Resistance Bands,Sports,125.64,2,SAVE10,10,Debit Card,Scarborough,ON,226.15
ON100764,29/05/2026,C11648,P2982,T-Shirt,Apparel,27.52,3,WELCOME5,5,PayPal,Hamilton,ON,78.43
ON100853,29/05/2026,C11915,P7711,Wireless Keyboard,Electronics,88.57,2,NO_COUPON,0,Mobile Wallet,Hamilton,ON,177.14
ON100471,30/05/2026,C11763,P1264,Blender,Home & Kitchen,26.6,1,NO_COUPON,0,PayPal,Barrie,ON,26.6
ON100292,31/05/2026,C12425,P2415,Water Bottle Sport,Sports,39.2,3,NO_COUPON,0,Interac,Kitchener,ON,117.6
ON100641,31/05/2026,C10986,P6710,Hoodie,Apparel,51.17,3,NO_COUPON,0,Debit Card,Windsor,ON,153.51
ON100844,31/05/2026,C10976,P6934,Blender,Home & Kitchen,11.59,4,NO_COUPON,0,Interac,Toronto,ON,46.36
ON100553,01/06/2026,C12208,P9509,Cereal,Grocery,10.14,2,WELCOME5,5,Interac,Kitchener,ON,19.27
ON100769,01/06/2026,C12345,P2952,Water Bottle,Home & Kitchen,26.22,2,SAVE15,15,Mobile Wallet,Guelph,ON,44.57
ON100870,01/06/2026,C10073,P3888,Water Bottle,Home & Kitchen,17.17,2,NO_COUPON,0,PayPal,Scarborough,ON,34.34
ON100992,01/06/2026,C11425,P1499,Pasta,Grocery,6.52,1,BOGO,20,Debit Card,London,ON,5.22
ON100144,03/06/2026,C11227,P1116,Fitness Tracker,Sports,27.99,31,SAVE10,10,Credit Card,Mississauga,ON,780.92
ON100634,03/06/2026,C12150,P6802,Olive Oil,Grocery,17.62,3,SAVE10,10,Debit Card,Mississauga,ON,47.57
ON100823,03/06/2026,C11809,P7655,Wireless Mouse,Electronics,192.49,2,NO_COUPON,0,Credit Card,Brampton,ON,384.98
ON100123,04/06/2026,C11244,P2169,Coffee Beans,Grocery,23.79,3,NO_COUPON,0,Credit Card,Toronto,ON,71.37
ON100149,04/06/2026,C12005,P3264,Tea,Grocery,4.91,3,SAVE15,15,Credit Card,Markham,ON,12.52
ON100228,04/06/2026,C11869,P2855,T-Shirt,Apparel,52.21,4,NO_COUPON,15,Mobile Wallet,Waterloo,ON,177.51
ON100036,05/06/2026,C12190,P8453,Basketball,Sports,163.65,4,SAVE10,10,Credit Card,Cambridge,ON,589.14
ON100602,05/06/2026,C12028,P6357,Water Bottle Sport,Sports,16.04,3,SAVE15,15,Credit Card,Kitchener,ON,40.9
ON100005,06/06/2026,C12492,P2139,Bluetooth Speaker,Electronics,51.28,4,NO_COUPON,0,Credit Card,Barrie,ON,205.12
ON100659,07/06/2026,C12026,P1263,Baseball Cap,Apparel,171.03,2,NO_COUPON,0,Credit Card,Guelph,ON,342.06
ON100421,09/06/2026,C11558,P5784,Water Bottle Sport,Sports,43.91,3,FREESHIP,0,Debit Card,Vaughan,ON,131.73
ON100817,09/06/2026,C12233,P1572,Fitness Tracker,Sports,25.34,2,FREESHIP,0,PayPal,Cambridge,ON,50.68
ON100485,11/06/2026,C11184,P6614,Wireless Mouse,Electronics,25.24,8,SAVE10,10,Credit Card,Mississauga,ON,181.73
ON100497,11/06/2026,C11306,P5015,Air Fryer,Home & Kitchen,71.57,4,SAVE10,10,Debit Card,Windsor,ON,257.65
ON101008,12/06/2026,C11401,P9207,Power Bank,Electronics,192.05,2,WELCOME5,5,Debit Card,Markham,ON,364.9
ON100907,14/06/2026,C11090,P6091,Knife Set,Home & Kitchen,55.67,3,FREESHIP,0,Mobile Wallet,Kitchener,ON,167.01
ON100390,15/06/2026,C11223,P3252,USB-C Hub,Electronics,30.13,4,NO_COUPON,0,Interac,Kitchener,ON,120.52
ON100551,16/06/2026,C12241,P3656,USB-C Hub,Electronics,106.35,7,NO_COUPON,0,Credit Card,Waterloo,ON,744.45
ON100770,17/06/2026,C11301,P9800,Coffee Maker,Home & Kitchen,172.83,3,NO_COUPON,0,Debit Card,London,ON,518.49
ON100800,18/06/2026,C11042,P1776,Wireless Mouse,Electronics,118.8,4,NO_COUPON,0,Mobile Wallet,Scarborough,ON,475.2
ON100510,20/06/2026,C11196,P4759,Air Fryer,Home & Kitchen,36.33,4,NO_COUPON,0,Debit Card,London,ON,145.32
ON100369,22/06/2026,C12073,P6237,Blender,Home & Kitchen,113.76,4,NO_COUPON,0,Debit Card,Cambridge,ON,455.04
ON100034,23/06/2026,C12200,P6909,Wireless Keyboard,Electronics,28.33,7,NO_COUPON,0,Debit Card,Vaughan,ON,198.31
ON100989,23/06/2026,C10267,P7075,Granola Bars,Grocery,25.99,6,SAVE15,15,Credit Card,Brampton,ON,132.55
ON100558,24/06/2026,C10666,P2632,Knife Set,Home & Kitchen,12.76,5,NO_COUPON,0,Credit Card,Toronto,ON,63.8
ON100356,25/06/2026,C11872,P2446,Coffee Maker,Home & Kitchen,19.1,4,NO_COUPON,0,Credit Card,Vaughan,ON,76.4
ON100352,26/06/2026,C12067,P6312,Coffee Maker,Home & Kitchen,38.23,6,NO_COUPON,0,Debit Card,Toronto,ON,229.38
ON100383,26/06/2026,C11976,P1783,Running Shoes,Apparel,20.13,3,NO_COUPON,0,Mobile Wallet,Mississauga,ON,60.39
ON100047,27/06/2026,C11654,P8615,Hair Dryer,Beauty,19.68,1,SAVE10,10,Credit Card,Toronto,ON,17.71
ON100358,27/06/2026,C10703,P1691,Fitness Tracker,Sports,47.72,3,FREESHIP,0,Debit Card,London,ON,143.16
ON100572,27/06/2026,C10557,P4527,Hoodie,Apparel,25.39,2,BOGO,20,Debit Card,Toronto,ON,40.62
ON100299,28/06/2026,C11927,P8470,Dumbbells,Sports,21.37,3,SAVE10,10,Credit Card,Guelph,ON,57.7
ON100816,29/06/2026,C11860,P8241,Basketball,Sports,13.44,4,NO_COUPON,0,Credit Card,Kitchener,ON,53.76
ON100094,30/06/2026,C11368,P7866,Shampoo,Beauty,25.76,6,NO_COUPON,0,Debit Card,Windsor,ON,154.56
ON100729,30/06/2026,C11042,P9412,Face Cleanser,Beauty,23.65,4,SAVE10,10,PayPal,Ottawa,ON,85.14
ON100176,01/07/2026,C10300,P6493,Coffee Maker,Home & Kitchen,12.18,3,NO_COUPON,0,Mobile Wallet,Scarborough,ON,36.54
ON100216,02/07/2026,C10660,P8032,Storage Bin,Home & Kitchen,174.63,4,SAVE10,10,PayPal,Windsor,ON,628.67
ON100585,02/07/2026,C10944,P6824,Olive Oil,Grocery,4.1,3,WELCOME5,5,Debit Card,Toronto,ON,11.68
ON100066,04/07/2026,C10448,P7989,Water Bottle,Home & Kitchen,141.78,3,NO_COUPON,0,Credit Card,Brampton,ON,425.34
ON100339,04/07/2026,C10480,P1742,Tea,Grocery,10.94,5,SAVE15,15,Interac,Toronto,ON,46.5
ON100198,06/07/2026,C11018,P4614,USB-C Hub,Electronics,23.21,2,FREESHIP,0,Debit Card,Cambridge,ON,46.42
ON100828,07/07/2026,C10820,P4390,Lip Balm,Beauty,8.29,1,NO_COUPON,0,Credit Card,Mississauga,ON,8.29
ON100831,07/07/2026,C10014,P4530,Running Shoes,Apparel,22.53,2,WELCOME5,5,Debit Card,Mississauga,ON,42.81
ON100929,09/07/2026,C12316,P4334,Basketball,Sports,18.43,5,WELCOME5,5,Credit Card,Windsor,ON,87.54
ON100522,10/07/2026,C11689,P2079,Webcam,Electronics,21.53,3,FREESHIP,0,Credit Card,Markham,ON,64.59
ON100633,11/07/2026,C10360,P3977,USB-C Hub,Electronics,153.52,4,WELCOME5,5,Credit Card,Guelph,ON,583.38
ON100151,12/07/2026,C10300,P2126,Air Fryer,Home & Kitchen,11.63,1,SAVE15,15,Mobile Wallet,Ottawa,ON,9.89
ON100660,12/07/2026,C11564,P5505,Coffee Maker,Home & Kitchen,105.72,3,WELCOME5,5,Credit Card,Ottawa,ON,301.3
ON100792,12/07/2026,C10881,P8185,Resistance Bands,Sports,100.8,3,NO_COUPON,0,Debit Card,Toronto,ON,302.4
ON100705,13/07/2026,C10117,P5923,Yoga Mat,Sports,147.2,1,FREESHIP,0,Mobile Wallet,Markham,ON,147.2
ON100954,13/07/2026,C11220,P2724,Wireless Mouse,Electronics,29.37,18,NO_COUPON,0,Mobile Wallet,Hamilton,ON,528.66
ON100060,14/07/2026,C11828,P8500,Face Cleanser,Beauty,10.3,6,BOGO,20,Credit Card,Cambridge,ON,49.44
ON100523,14/07/2026,C10353,P6485,Wireless Mouse,Electronics,52.84,2,FREESHIP,0,PayPal,Ottawa,ON,105.68
ON100722,14/07/2026,C10407,P4635,USB-C Hub,Electronics,233.41,4,NO_COUPON,0,Debit Card,Cambridge,ON,933.64
ON100991,14/07/2026,C12109,P6859,Blender,Home & Kitchen,21.28,2,NO_COUPON,0,Credit Card,Cambridge,ON,42.56
ON100520,15/07/2026,C11491,P7140,T-Shirt,Apparel,,5,WELCOME5,5,Debit Card,London,ON,241.44
ON100260,16/07/2026,C10045,P5738,USB-C Hub,Electronics,18.91,15,SAVE15,15,Credit Card,Vaughan,ON,241.1
ON100446,16/07/2026,C10842,P9873,USB-C Hub,Electronics,58.7,4,FREESHIP,0,PayPal,Guelph,ON,234.8
ON100570,16/07/2026,C10329,P7212,Tea,Grocery,3.1,3,NO_COUPON,0,Credit Card,Cambridge,ON,9.3
ON100579,16/07/2026,C10293,P2395,Storage Bin,Home & Kitchen,45.16,4,NO_COUPON,0,Credit Card,Vaughan,ON,180.64
ON100023,17/07/2026,C11832,P8874,Water Bottle Sport,Sports,50.83,3,SAVE15,15,Interac,Mississauga,ON,129.62
ON100415,17/07/2026,C10383,P9369,Jeans,Apparel,44.2,2,FREESHIP,0,Credit Card,Scarborough,ON,88.4
ON100492,17/07/2026,C11967,P6627,T-Shirt,Apparel,60.5,5,SAVE10,10,Credit Card,Barrie,ON,272.25
ON100432,18/07/2026,C11214,P5443,Water Bottle,Home & Kitchen,102.21,3,FREESHIP,0,Debit Card,Barrie,ON,306.63
ON100850,18/07/2026,C11493,P6185,Bluetooth Speaker,Electronics,20.03,6,WELCOME5,5,Debit Card,Hamilton,ON,114.17
ON100683,20/07/2026,C10544,P5864,Running Shoes,Apparel,105.31,2,BOGO,20,Credit Card,Brampton,ON,168.5
ON100712,20/07/2026,C11446,P5808,Wireless Mouse,Electronics,92.8,6,NO_COUPON,0,Debit Card,Mississauga,ON,556.8
ON100464,21/07/2026,C10112,P2329,Cereal,Grocery,26.47,2,FREESHIP,0,PayPal,Vaughan,ON,52.94
ON100484,21/07/2026,C10983,P7070,T-Shirt,Apparel,61.54,2,SAVE10,10,Credit Card,Vaughan,ON,110.77
ON100403,22/07/2026,C11641,P9276,Webcam,Electronics,139.51,1,NO_COUPON,0,Interac,Scarborough,ON,139.51
ON100342,23/07/2026,C11793,P9606,T-Shirt,Apparel,12.58,1,SAVE10,10,Credit Card,Waterloo,ON,11.32
ON100376,23/07/2026,C12334,P6629,USB-C Hub,Electronics,155.27,2,NO_COUPON,0,Credit Card,Windsor,ON,310.54
ON100671,23/07/2026,C10131,P5541,USB-C Hub,Electronics,73.63,4,NO_COUPON,0,Mobile Wallet,Ottawa,ON,294.52
ON100743,23/07/2026,C10842,P1070,Webcam,Electronics,158.19,3,NO_COUPON,0,Credit Card,Vaughan,ON,474.57
ON100753,23/07/2026,C10570,P9128,Basketball,Sports,12.29,3,NO_COUPON,0,Debit Card,Scarborough,ON,36.87
ON100177,24/07/2026,C11419,P7807,Dumbbells,Sports,77.07,4,FREESHIP,0,Debit Card,Brampton,ON,308.28
ON100282,24/07/2026,C11122,P6280,Tea,Grocery,10.1,3,NO_COUPON,0,Mobile Wallet,Barrie,ON,30.3
ON100314,24/07/2026,C10922,P4283,Hoodie,Apparel,88.65,3,NO_COUPON,0,PayPal,Brampton,ON,265.95
ON100080,25/07/2026,C11479,P6837,Moisturizer,Beauty,18.07,1,SAVE10,10,Credit Card,Mississauga,ON,16.26
ON100922,25/07/2026,C12269,P7239,Basketball,Sports,10.22,3,SAVE15,15,Credit Card,Scarborough,ON,26.06
ON100684,29/07/2026,C10283,P4562,Hoodie,Apparel,69.52,2,BOGO,20,Interac,Toronto,ON,111.23
ON100912,29/07/2026,C12126,P5900,Winter Jacket,Apparel,200.39,4,BOGO,20,Interac,Windsor,ON,641.25
ON100377,30/07/2026,C10303,P5097,Coffee Beans,Grocery,45.78,3,SAVE15,15,PayPal,Waterloo,ON,116.74
ON100564,30/07/2026,C11062,P5867,Dumbbells,Sports,11.49,2,BOGO,20,Credit Card,Brampton,ON,18.38
ON100631,30/07/2026,C12460,P7540,T-Shirt,Apparel,128.72,2,NO_COUPON,0,Debit Card,Windsor,ON,257.44
ON100935,30/07/2026,C10047,P1463,Granola Bars,Grocery,52.9,1,BOGO,20,Debit Card,London,ON,42.32
ON100752,31/07/2026,C12460,P1522,Running Shoes,Apparel,162.18,3,SAVE10,10,Debit Card,Brampton,ON,437.89
ON100950,31/07/2026,C11192,P1316,Knife Set,Home & Kitchen,50.56,1,SAVE15,15,Mobile Wallet,Hamilton,ON,42.98
ON100765,01/08/2026,C11534,P4143,Running Shoes,Apparel,103.02,3,BOGO,20,Debit Card,Brampton,ON,247.25
ON100289,02/08/2026,C11192,P1992,Lip Balm,Beauty,87.31,2,NO_COUPON,0,Interac,Toronto,ON,174.62
ON100334,02/08/2026,C10746,P7736,Webcam,Electronics,138.39,5,FREESHIP,0,Interac,Guelph,ON,691.95
ON100662,02/08/2026,C10790,P2801,Water Bottle,Home & Kitchen,58.54,4,NO_COUPON,0,Credit Card,Kitchener,ON,234.16
ON100442,04/08/2026,C10059,P7366,Jeans,Apparel,183.19,2,SAVE15,15,Credit Card,Cambridge,ON,311.42
ON100270,05/08/2026,C10173,P8208,Coffee Maker,Home & Kitchen,13.87,3,BOGO,20,Credit Card,Ottawa,ON,33.29
ON100191,06/08/2026,C11743,P6500,Running Shoes,Apparel,102.53,5,NO_COUPON,0,Debit Card,Mississauga,ON,512.65
ON100445,06/08/2026,C10901,P2488,Bluetooth Speaker,Electronics,86.45,,SAVE10,10,Debit Card,Waterloo,ON,77.81
ON100508,06/08/2026,C12292,P6889,Knife Set,Home & Kitchen,153.51,4,NO_COUPON,0,Interac,Guelph,ON,614.04
ON100674,06/08/2026,C10125,P8710,Water Bottle,Home & Kitchen,19.98,2,NO_COUPON,0,PayPal,Mississauga,ON,39.96
ON100675,06/08/2026,C12466,P4946,Granola Bars,Grocery,14.57,2,NO_COUPON,0,Credit Card,Mississauga,ON,29.14
ON100196,07/08/2026,C10598,P6048,Fitness Tracker,Sports,37.69,3,NO_COUPON,0,Debit Card,Cambridge,ON,113.07
ON100640,07/08/2026,C11526,P8277,Wireless Keyboard,Electronics,160.54,4,NO_COUPON,0,Mobile Wallet,Hamilton,ON,642.16
ON100740,07/08/2026,C11239,P8768,Tea,Grocery,20.73,3,NO_COUPON,0,Credit Card,Hamilton,ON,62.19
ON100984,07/08/2026,C10238,P7909,Water Bottle Sport,Sports,22.71,2,NO_COUPON,0,PayPal,Windsor,ON,45.42
ON100331,08/08/2026,C12116,P2097,USB-C Hub,Electronics,23.53,4,BOGO,20,PayPal,Scarborough,ON,75.3
ON100496,08/08/2026,C12321,P6009,Yoga Mat,Sports,27.13,4,FREESHIP,0,Interac,Waterloo,ON,108.52
ON100841,08/08/2026,C11969,P4028,Moisturizer,Beauty,50.38,1,SAVE10,10,Interac,Mississauga,ON,45.34
ON100460,10/08/2026,C11402,P7286,Running Shoes,Apparel,13.43,4,NO_COUPON,0,Credit Card,Hamilton,ON,53.72
ON100601,10/08/2026,C10783,P2269,Water Bottle,Home & Kitchen,84.24,4,SAVE10,10,Mobile Wallet,Guelph,ON,303.26
ON100063,11/08/2026,C11432,P7609,Jeans,Apparel,77.71,3,WELCOME5,5,Credit Card,London,ON,221.47
ON100785,11/08/2026,C11173,P6202,Coffee Beans,Grocery,5.8,4,SAVE15,15,PayPal,London,ON,19.72
ON100849,11/08/2026,C11996,P2134,Coffee Maker,Home & Kitchen,121.3,6,NO_COUPON,0,Interac,Windsor,ON,727.8
ON100204,12/08/2026,C10587,P9781,T-Shirt,Apparel,19.53,1,NO_COUPON,0,Debit Card,London,ON,19.53
ON100349,12/08/2026,C10812,P2363,Coffee Beans,Grocery,6.5,3,SAVE15,15,Mobile Wallet,Windsor,ON,16.58
ON100411,12/08/2026,C10158,P8354,Body Lotion,Beauty,31.68,3,NO_COUPON,0,Debit Card,Ottawa,ON,95.04
ON100045,13/08/2026,C10041,P2626,Cereal,Grocery,6.7,6,SAVE15,15,Mobile Wallet,Barrie,ON,34.17
ON100398,13/08/2026,C10296,P8960,Yoga Mat,Sports,47.87,3,NO_COUPON,0,Credit Card,Brampton,ON,143.61
ON100944,13/08/2026,C12315,P9125,Jeans,Apparel,54.12,2,SAVE10,10,Credit Card,Mississauga,ON,97.42
ON100435,14/08/2026,C10502,P8504,Air Fryer,Home & Kitchen,11.45,1,NO_COUPON,0,Credit Card,Toronto,ON,11.45
ON100933,14/08/2026,C11762,P2055,Pasta,Grocery,3.85,5,SAVE15,15,Mobile Wallet,Windsor,ON,16.36
ON100319,15/08/2026,C11043,P8999,Pasta,Grocery,6.77,4,NO_COUPON,0,Interac,Markham,ON,27.08
ON100011,16/08/2026,C10015,P3973,Granola Bars,Grocery,5.96,5,SAVE10,10,Credit Card,Cambridge,ON,26.82
ON100587,18/08/2026,C12462,P3140,Bluetooth Speaker,Electronics,21.55,5,SAVE10,10,Debit Card,,ON,96.98
ON100839,18/08/2026,C10036,P4932,Baseball Cap,Apparel,74.29,2,WELCOME5,5,Credit Card,Cambridge,ON,141.15
ON100882,18/08/2026,C11561,P1688,Knife Set,Home & Kitchen,41.06,4,FREESHIP,0,Debit Card,London,ON,164.24
ON100900,18/08/2026,C12251,P6866,Jeans,Apparel,16.44,2,SAVE15,15,Debit Card,Windsor,ON,27.95
ON100139,20/08/2026,C10121,P4026,Cereal,Grocery,26.12,3,SAVE10,10,PayPal,Markham,ON,70.52
ON100548,21/08/2026,C10902,P1877,Water Bottle Sport,Sports,115.42,1,BOGO,20,PayPal,Barrie,ON,92.34
ON100761,22/08/2026,C10961,P1615,Cereal,Grocery,8.1,2,NO_COUPON,0,PayPal,Windsor,ON,16.2
ON100261,24/08/2026,C11482,P3293,Cereal,Grocery,10.76,5,WELCOME5,5,Credit Card,Cambridge,ON,51.11
ON100341,25/08/2026,C11804,P2201,Water Bottle,Home & Kitchen,22.79,3,FREESHIP,0,PayPal,Hamilton,ON,68.37
ON100143,26/08/2026,C10858,P9796,Water Bottle,Home & Kitchen,127.03,5,SAVE15,15,Credit Card,Markham,ON,539.88
ON100350,26/08/2026,C11597,P8962,Cereal,Grocery,3.91,3,SAVE10,10,Credit Card,Kitchener,ON,10.56
ON100504,27/08/2026,C12088,P6690,Granola Bars,Grocery,,2,,0,Debit Card,Guelph,ON,14.32
ON100158,28/08/2026,C10120,P6084,Air Fryer,Home & Kitchen,40.65,4,FREESHIP,0,Credit Card,Hamilton,ON,162.6
ON100681,28/08/2026,C10143,P7366,Air Fryer,Home & Kitchen,8.81,5,SAVE15,15,Mobile Wallet,Toronto,ON,37.44
ON100395,29/08/2026,C11983,P5735,Yoga Mat,Sports,18.13,4,BOGO,20,Debit Card,Guelph,ON,58.02
ON100798,29/08/2026,C11565,P3381,Lip Balm,Beauty,21.38,2,NO_COUPON,0,Credit Card,Brampton,ON,42.76
ON100808,30/08/2026,C10953,P9892,Tea,Grocery,5.78,7,NO_COUPON,0,Mobile Wallet,Cambridge,ON,40.46
